Timestamp,Algorithm,TP,FP,FN,Recall,Precision,F1,MOTP
4050.482,M-detector,2,0,23,0.08,1.0,0.14814814814814814,0.46106721961075703
4050.482,M-detector,2,0,23,0.08,1.0,0.14814814814814814,0.46106721961075703
4050.582,M-detector,0,0,25,0.0,0.0,0.0,0.0
4050.682,M-detector,0,1,25,0.0,0.0,0.0,0.0
4050.782,M-detector,1,0,24,0.04,1.0,0.07692307692307693,0.45540736713074514
4050.882,M-detector,0,1,25,0.0,0.0,0.0,0.0
4050.982,M-detector,1,0,24,0.04,1.0,0.07692307692307693,0.43601690239778385
4051.082,M-detector,0,1,25,0.0,0.0,0.0,0.0
4051.182,M-detector,0,1,25,0.0,0.0,0.0,0.0
4051.282,M-detector,1,1,24,0.04,0.5,0.07407407407407407,0.446176420885036
4051.382,M-detector,1,0,24,0.04,1.0,0.07692307692307693,0.4098703417893922
4051.482,M-detector,0,2,25,0.0,0.0,0.0,0.0
4051.582,M-detector,1,0,24,0.04,1.0,0.07692307692307693,0.46608710309939017
4051.682,M-detector,0,1,25,0.0,0.0,0.0,0.0
4051.782,M-detector,0,1,25,0.0,0.0,0.0,0.0
4051.882,M-detector,0,1,25,0.0,0.0,0.0,0.0
4051.982,M-detector,0,2,25,0.0,0.0,0.0,0.0
4052.082,M-detector,1,1,24,0.04,0.5,0.07407407407407407,0.4312254481803318
4052.182,M-detector,0,2,25,0.0,0.0,0.0,0.0
4052.282,M-detector,1,1,24,0.04,0.5,0.07407407407407407,0.45530093890966333
4052.382,M-detector,0,2,25,0.0,0.0,0.0,0.0
4052.482,M-detector,0,2,25,0.0,0.0,0.0,0.0
4052.582,M-detector,0,1,25,0.0,0.0,0.0,0.0
4052.682,M-detector,1,1,24,0.04,0.5,0.07407407407407407,0.4334564303732263
4052.782,M-detector,0,2,25,0.0,0.0,0.0,0.0
4052.882,M-detector,0,1,25,0.0,0.0,0.0,0.0
4052.982,M-detector,0,2,25,0.0,0.0,0.0,0.0
4053.082,M-detector,0,2,25,0.0,0.0,0.0,0.0
4053.182,M-detector,0,3,25,0.0,0.0,0.0,0.0
4053.282,M-detector,0,3,25,0.0,0.0,0.0,0.0
4053.382,M-detector,1,1,24,0.04,0.5,0.07407407407407407,0.37117031129922107
4053.482,M-detector,0,2,25,0.0,0.0,0.0,0.0
4053.582,M-detector,0,3,25,0.0,0.0,0.0,0.0
4053.682,M-detector,0,2,25,0.0,0.0,0.0,0.0
4053.782,M-detector,0,2,25,0.0,0.0,0.0,0.0
4053.882,M-detector,0,2,25,0.0,0.0,0.0,0.0
4053.982,M-detector,0,1,25,0.0,0.0,0.0,0.0
4054.083,M-detector,0,1,25,0.0,0.0,0.0,0.0
4054.182,M-detector,0,1,25,0.0,0.0,0.0,0.0
4054.282,M-detector,0,1,25,0.0,0.0,0.0,0.0
4054.382,M-detector,1,2,24,0.04,0.3333333333333333,0.07142857142857142,0.394335249479675
4054.482,M-detector,1,2,24,0.04,0.3333333333333333,0.07142857142857142,0.3856767922699855
4054.582,M-detector,0,3,25,0.0,0.0,0.0,0.0
4054.682,M-detector,1,1,24,0.04,0.5,0.07407407407407407,0.5829151833260942
4054.782,M-detector,1,1,24,0.04,0.5,0.07407407407407407,0.5338100468089533
4054.882,M-detector,0,2,25,0.0,0.0,0.0,0.0
4054.982,M-detector,0,1,25,0.0,0.0,0.0,0.0
4055.082,M-detector,0,2,25,0.0,0.0,0.0,0.0
4055.182,M-detector,0,2,25,0.0,0.0,0.0,0.0
4055.282,M-detector,0,2,25,0.0,0.0,0.0,0.0
4055.382,M-detector,0,2,25,0.0,0.0,0.0,0.0
4055.482,M-detector,0,2,25,0.0,0.0,0.0,0.0
4055.582,M-detector,1,1,24,0.04,0.5,0.07407407407407407,0.4345373856230781
4055.682,M-detector,0,2,25,0.0,0.0,0.0,0.0
4055.782,M-detector,0,1,25,0.0,0.0,0.0,0.0
4055.882,M-detector,0,1,25,0.0,0.0,0.0,0.0
4055.982,M-detector,1,2,24,0.04,0.3333333333333333,0.07142857142857142,0.5186119219714638
4056.082,M-detector,0,1,25,0.0,0.0,0.0,0.0
4056.182,M-detector,1,0,24,0.04,1.0,0.07692307692307693,0.564183392847881
4056.282,M-detector,0,1,25,0.0,0.0,0.0,0.0
4056.382,M-detector,1,1,24,0.04,0.5,0.07407407407407407,0.5560914126516842
4056.482,M-detector,1,1,24,0.04,0.5,0.07407407407407407,0.5509824796205064
4056.582,M-detector,1,0,24,0.04,1.0,0.07692307692307693,0.5327781643365093
4056.682,M-detector,0,1,25,0.0,0.0,0.0,0.0
4056.782,M-detector,0,2,25,0.0,0.0,0.0,0.0
4056.882,M-detector,1,0,24,0.04,1.0,0.07692307692307693,0.5558909116695931
4056.982,M-detector,0,1,25,0.0,0.0,0.0,0.0
4057.082,M-detector,1,1,24,0.04,0.5,0.07407407407407407,0.45985268846464095
4057.182,M-detector,0,1,25,0.0,0.0,0.0,0.0
4057.282,M-detector,0,0,25,0.0,0.0,0.0,0.0
4057.382,M-detector,0,3,25,0.0,0.0,0.0,0.0
4057.482,M-detector,0,3,25,0.0,0.0,0.0,0.0
4057.582,M-detector,0,0,25,0.0,0.0,0.0,0.0
4057.682,M-detector,0,2,25,0.0,0.0,0.0,0.0
4057.782,M-detector,0,1,25,0.0,0.0,0.0,0.0
4057.882,M-detector,0,1,25,0.0,0.0,0.0,0.0
4057.982,M-detector,0,1,25,0.0,0.0,0.0,0.0
4058.082,M-detector,0,2,25,0.0,0.0,0.0,0.0
4058.182,M-detector,1,1,24,0.04,0.5,0.07407407407407407,0.4443514488276653
4058.282,M-detector,1,1,24,0.04,0.5,0.07407407407407407,0.5618747217470257
4058.382,M-detector,0,1,25,0.0,0.0,0.0,0.0
4058.482,M-detector,1,1,24,0.04,0.5,0.07407407407407407,0.5460702350206722
4058.582,M-detector,0,2,25,0.0,0.0,0.0,0.0
4058.682,M-detector,0,2,25,0.0,0.0,0.0,0.0
4058.782,M-detector,0,1,25,0.0,0.0,0.0,0.0
4058.882,M-detector,0,1,25,0.0,0.0,0.0,0.0
4058.982,M-detector,0,1,25,0.0,0.0,0.0,0.0
4059.082,M-detector,0,1,25,0.0,0.0,0.0,0.0
4059.182,M-detector,0,0,25,0.0,0.0,0.0,0.0
4059.282,M-detector,0,1,25,0.0,0.0,0.0,0.0
4059.382,M-detector,0,1,25,0.0,0.0,0.0,0.0
4059.482,M-detector,0,2,25,0.0,0.0,0.0,0.0
4059.582,M-detector,0,1,25,0.0,0.0,0.0,0.0
4059.682,M-detector,0,2,25,0.0,0.0,0.0,0.0
4059.782,M-detector,1,2,24,0.04,0.3333333333333333,0.07142857142857142,0.4958729086523504
4059.882,M-detector,0,2,25,0.0,0.0,0.0,0.0
4059.982,M-detector,0,4,25,0.0,0.0,0.0,0.0
4060.082,M-detector,0,3,25,0.0,0.0,0.0,0.0
4060.182,M-detector,0,3,25,0.0,0.0,0.0,0.0
4060.282,M-detector,0,3,25,0.0,0.0,0.0,0.0
4060.382,M-detector,0,3,25,0.0,0.0,0.0,0.0
4060.482,M-detector,0,3,25,0.0,0.0,0.0,0.0
4060.582,M-detector,0,2,25,0.0,0.0,0.0,0.0
4060.682,M-detector,0,3,25,0.0,0.0,0.0,0.0
4060.782,M-detector,0,2,25,0.0,0.0,0.0,0.0
4060.882,M-detector,0,3,25,0.0,0.0,0.0,0.0
4060.982,M-detector,0,4,25,0.0,0.0,0.0,0.0
4061.082,M-detector,0,2,25,0.0,0.0,0.0,0.0
4061.182,M-detector,0,2,25,0.0,0.0,0.0,0.0
4061.282,M-detector,0,3,25,0.0,0.0,0.0,0.0
4061.382,M-detector,0,5,25,0.0,0.0,0.0,0.0
4061.482,M-detector,0,3,25,0.0,0.0,0.0,0.0
4061.582,M-detector,0,1,25,0.0,0.0,0.0,0.0
4061.682,M-detector,0,2,25,0.0,0.0,0.0,0.0
4061.782,M-detector,0,3,25,0.0,0.0,0.0,0.0
4061.882,M-detector,0,3,25,0.0,0.0,0.0,0.0
4061.982,M-detector,0,1,25,0.0,0.0,0.0,0.0
4062.082,M-detector,0,2,25,0.0,0.0,0.0,0.0
4062.182,M-detector,0,2,25,0.0,0.0,0.0,0.0
4062.282,M-detector,0,2,25,0.0,0.0,0.0,0.0
4062.382,M-detector,0,3,25,0.0,0.0,0.0,0.0
4062.483,M-detector,1,1,24,0.04,0.5,0.07407407407407407,0.38390241536854486
4062.582,M-detector,0,1,25,0.0,0.0,0.0,0.0
4062.682,M-detector,0,1,25,0.0,0.0,0.0,0.0
4062.782,M-detector,2,0,23,0.08,1.0,0.14814814814814814,0.5093820849067205
4062.882,M-detector,0,0,25,0.0,0.0,0.0,0.0
4062.982,M-detector,0,2,25,0.0,0.0,0.0,0.0
4063.082,M-detector,0,1,25,0.0,0.0,0.0,0.0
4063.182,M-detector,0,3,25,0.0,0.0,0.0,0.0
4063.282,M-detector,0,2,25,0.0,0.0,0.0,0.0
4063.382,M-detector,0,2,25,0.0,0.0,0.0,0.0
4063.482,M-detector,0,1,25,0.0,0.0,0.0,0.0
4063.582,M-detector,0,2,25,0.0,0.0,0.0,0.0
4063.682,M-detector,0,2,25,0.0,0.0,0.0,0.0
4063.782,M-detector,0,3,25,0.0,0.0,0.0,0.0
4063.882,M-detector,0,2,25,0.0,0.0,0.0,0.0
4063.982,M-detector,0,2,25,0.0,0.0,0.0,0.0
4064.082,M-detector,0,3,25,0.0,0.0,0.0,0.0
4064.182,M-detector,0,3,25,0.0,0.0,0.0,0.0
4064.282,M-detector,0,3,25,0.0,0.0,0.0,0.0
4064.382,M-detector,1,2,24,0.04,0.3333333333333333,0.07142857142857142,0.47195762677830966
4064.482,M-detector,1,2,24,0.04,0.3333333333333333,0.07142857142857142,0.5751901173074616
4064.582,M-detector,0,0,25,0.0,0.0,0.0,0.0
4064.682,M-detector,0,2,25,0.0,0.0,0.0,0.0
4064.782,M-detector,0,2,25,0.0,0.0,0.0,0.0
4064.882,M-detector,0,2,25,0.0,0.0,0.0,0.0
4064.982,M-detector,0,1,25,0.0,0.0,0.0,0.0
4065.082,M-detector,0,1,25,0.0,0.0,0.0,0.0
4065.182,M-detector,0,0,25,0.0,0.0,0.0,0.0
4065.282,M-detector,0,1,25,0.0,0.0,0.0,0.0
4065.382,M-detector,0,1,25,0.0,0.0,0.0,0.0
4065.482,M-detector,0,1,25,0.0,0.0,0.0,0.0
4065.582,M-detector,0,1,25,0.0,0.0,0.0,0.0
4065.682,M-detector,0,1,25,0.0,0.0,0.0,0.0
4065.782,M-detector,1,0,24,0.04,1.0,0.07692307692307693,0.4502451314748625
4065.882,M-detector,0,1,25,0.0,0.0,0.0,0.0
4065.982,M-detector,0,0,25,0.0,0.0,0.0,0.0
4066.082,M-detector,0,1,25,0.0,0.0,0.0,0.0
4066.182,M-detector,1,0,24,0.04,1.0,0.07692307692307693,0.5650566857466991
4066.282,M-detector,1,0,24,0.04,1.0,0.07692307692307693,0.5005709578443149
4066.382,M-detector,1,0,24,0.04,1.0,0.07692307692307693,0.5851011176042219
4066.482,M-detector,1,0,24,0.04,1.0,0.07692307692307693,0.5676484844420829
4066.582,M-detector,1,0,24,0.04,1.0,0.07692307692307693,0.5360728949146898
4066.682,M-detector,0,2,25,0.0,0.0,0.0,0.0
4066.782,M-detector,0,3,25,0.0,0.0,0.0,0.0
4066.882,M-detector,0,2,25,0.0,0.0,0.0,0.0
4066.982,M-detector,0,3,25,0.0,0.0,0.0,0.0
4067.082,M-detector,0,1,25,0.0,0.0,0.0,0.0
4067.182,M-detector,0,2,25,0.0,0.0,0.0,0.0
4067.282,M-detector,0,4,25,0.0,0.0,0.0,0.0
4067.382,M-detector,1,3,24,0.04,0.25,0.06896551724137932,0.5863044637093774
4067.482,M-detector,1,1,24,0.04,0.5,0.07407407407407407,0.5468524383449014
4067.582,M-detector,1,2,24,0.04,0.3333333333333333,0.07142857142857142,0.5479347496587754
4067.682,M-detector,0,4,25,0.0,0.0,0.0,0.0
4067.783,M-detector,1,1,24,0.04,0.5,0.07407407407407407,0.4277375984023958
4067.883,M-detector,1,2,24,0.04,0.3333333333333333,0.07142857142857142,0.5038906245648842
4067.982,M-detector,0,3,25,0.0,0.0,0.0,0.0
4068.082,M-detector,0,4,25,0.0,0.0,0.0,0.0
4068.182,M-detector,0,3,25,0.0,0.0,0.0,0.0
4068.282,M-detector,0,3,25,0.0,0.0,0.0,0.0
4068.382,M-detector,0,2,25,0.0,0.0,0.0,0.0
4068.482,M-detector,0,1,25,0.0,0.0,0.0,0.0
4068.582,M-detector,0,2,25,0.0,0.0,0.0,0.0
4068.682,M-detector,0,2,25,0.0,0.0,0.0,0.0
4068.782,M-detector,0,3,25,0.0,0.0,0.0,0.0
4068.882,M-detector,0,2,25,0.0,0.0,0.0,0.0
4068.982,M-detector,0,2,25,0.0,0.0,0.0,0.0
4069.082,M-detector,0,2,25,0.0,0.0,0.0,0.0
4069.182,M-detector,0,1,25,0.0,0.0,0.0,0.0
4069.282,M-detector,0,1,25,0.0,0.0,0.0,0.0
4069.382,M-detector,0,0,25,0.0,0.0,0.0,0.0
4069.482,M-detector,1,1,24,0.04,0.5,0.07407407407407407,0.4547198582048971
4069.582,M-detector,0,2,25,0.0,0.0,0.0,0.0
4069.682,M-detector,0,1,25,0.0,0.0,0.0,0.0
4069.782,M-detector,0,1,25,0.0,0.0,0.0,0.0
4069.882,M-detector,0,2,25,0.0,0.0,0.0,0.0
4069.982,M-detector,0,2,25,0.0,0.0,0.0,0.0
4070.082,M-detector,1,0,24,0.04,1.0,0.07692307692307693,0.5258788967188802
4070.182,M-detector,0,0,25,0.0,0.0,0.0,0.0
4070.282,M-detector,1,1,24,0.04,0.5,0.07407407407407407,0.5348465915153735
4070.382,M-detector,0,2,25,0.0,0.0,0.0,0.0
4070.482,M-detector,1,1,24,0.04,0.5,0.07407407407407407,0.49545673904498405
4070.582,M-detector,0,1,25,0.0,0.0,0.0,0.0
4070.682,M-detector,0,0,25,0.0,0.0,0.0,0.0
4070.782,M-detector,0,2,25,0.0,0.0,0.0,0.0
4070.882,M-detector,1,3,24,0.04,0.25,0.06896551724137932,0.5008461706939368
4070.982,M-detector,1,2,24,0.04,0.3333333333333333,0.07142857142857142,0.4297573343569414
4071.082,M-detector,0,1,25,0.0,0.0,0.0,0.0
4071.182,M-detector,0,1,25,0.0,0.0,0.0,0.0
4071.282,M-detector,2,0,23,0.08,1.0,0.14814814814814814,0.45285499380052413
4071.382,M-detector,0,1,25,0.0,0.0,0.0,0.0
4071.482,M-detector,0,2,25,0.0,0.0,0.0,0.0
4071.582,M-detector,0,1,25,0.0,0.0,0.0,0.0
4071.682,M-detector,0,1,25,0.0,0.0,0.0,0.0
4071.782,M-detector,0,1,25,0.0,0.0,0.0,0.0
4071.882,M-detector,1,0,24,0.04,1.0,0.07692307692307693,0.47372669342540735
4071.982,M-detector,0,2,25,0.0,0.0,0.0,0.0
4072.083,M-detector,1,0,24,0.04,1.0,0.07692307692307693,0.4537591043012473
4072.182,M-detector,0,1,25,0.0,0.0,0.0,0.0
4072.282,M-detector,0,1,25,0.0,0.0,0.0,0.0
4072.382,M-detector,1,0,24,0.04,1.0,0.07692307692307693,0.36005644682250015
4072.482,M-detector,0,1,25,0.0,0.0,0.0,0.0
4072.582,M-detector,0,0,25,0.0,0.0,0.0,0.0
4072.682,M-detector,0,1,25,0.0,0.0,0.0,0.0
4072.782,M-detector,0,1,25,0.0,0.0,0.0,0.0
4072.882,M-detector,0,1,25,0.0,0.0,0.0,0.0
4072.982,M-detector,0,1,25,0.0,0.0,0.0,0.0
4073.082,M-detector,0,1,25,0.0,0.0,0.0,0.0
4073.182,M-detector,0,1,25,0.0,0.0,0.0,0.0
4073.282,M-detector,0,1,25,0.0,0.0,0.0,0.0
4073.382,M-detector,0,1,25,0.0,0.0,0.0,0.0
4073.482,M-detector,0,1,25,0.0,0.0,0.0,0.0
4073.582,M-detector,0,1,25,0.0,0.0,0.0,0.0
4073.682,M-detector,0,1,25,0.0,0.0,0.0,0.0
4073.782,M-detector,0,1,25,0.0,0.0,0.0,0.0
4073.882,M-detector,1,3,24,0.04,0.25,0.06896551724137932,0.358211278553265
4073.982,M-detector,0,1,25,0.0,0.0,0.0,0.0
4074.082,M-detector,0,1,25,0.0,0.0,0.0,0.0
4074.182,M-detector,0,2,25,0.0,0.0,0.0,0.0
4074.282,M-detector,1,2,24,0.04,0.3333333333333333,0.07142857142857142,0.337563635851351
4074.382,M-detector,0,2,25,0.0,0.0,0.0,0.0
4074.482,M-detector,0,1,25,0.0,0.0,0.0,0.0
4074.582,M-detector,0,1,25,0.0,0.0,0.0,0.0
4074.682,M-detector,0,0,25,0.0,0.0,0.0,0.0
4074.782,M-detector,0,1,25,0.0,0.0,0.0,0.0
4074.882,M-detector,0,1,25,0.0,0.0,0.0,0.0
4074.982,M-detector,0,0,25,0.0,0.0,0.0,0.0
4075.082,M-detector,0,0,25,0.0,0.0,0.0,0.0
4075.182,M-detector,0,2,25,0.0,0.0,0.0,0.0
4075.282,M-detector,0,4,25,0.0,0.0,0.0,0.0
4075.382,M-detector,0,1,25,0.0,0.0,0.0,0.0
4075.482,M-detector,0,1,25,0.0,0.0,0.0,0.0
4075.582,M-detector,0,2,25,0.0,0.0,0.0,0.0
4075.682,M-detector,0,2,25,0.0,0.0,0.0,0.0
4075.782,M-detector,0,0,25,0.0,0.0,0.0,0.0
4075.882,M-detector,0,4,25,0.0,0.0,0.0,0.0
4075.983,M-detector,0,3,25,0.0,0.0,0.0,0.0
4076.082,M-detector,0,3,25,0.0,0.0,0.0,0.0
4076.182,M-detector,0,2,25,0.0,0.0,0.0,0.0
4076.282,M-detector,0,2,25,0.0,0.0,0.0,0.0
4076.382,M-detector,1,1,24,0.04,0.5,0.07407407407407407,0.4487086577795254
4076.482,M-detector,0,1,25,0.0,0.0,0.0,0.0
4076.582,M-detector,0,1,25,0.0,0.0,0.0,0.0
4076.682,M-detector,1,1,24,0.04,0.5,0.07407407407407407,0.37299421464510646
4076.782,M-detector,1,1,24,0.04,0.5,0.07407407407407407,0.41005543577405174
4076.882,M-detector,0,1,25,0.0,0.0,0.0,0.0
4076.982,M-detector,0,1,25,0.0,0.0,0.0,0.0
4077.082,M-detector,1,1,24,0.04,0.5,0.07407407407407407,0.40130700699160365
4077.182,M-detector,0,2,25,0.0,0.0,0.0,0.0
4077.282,M-detector,0,2,25,0.0,0.0,0.0,0.0
4077.382,M-detector,0,1,25,0.0,0.0,0.0,0.0
4077.482,M-detector,0,2,25,0.0,0.0,0.0,0.0
4077.582,M-detector,0,1,25,0.0,0.0,0.0,0.0
4077.682,M-detector,0,2,25,0.0,0.0,0.0,0.0
4077.782,M-detector,0,2,25,0.0,0.0,0.0,0.0
4077.882,M-detector,0,1,25,0.0,0.0,0.0,0.0
4077.982,M-detector,0,2,25,0.0,0.0,0.0,0.0
4078.082,M-detector,0,3,25,0.0,0.0,0.0,0.0
4078.182,M-detector,0,1,25,0.0,0.0,0.0,0.0
4078.282,M-detector,0,1,25,0.0,0.0,0.0,0.0
4078.382,M-detector,1,0,24,0.04,1.0,0.07692307692307693,0.5006355542683472
4078.482,M-detector,0,1,25,0.0,0.0,0.0,0.0
4078.582,M-detector,0,2,25,0.0,0.0,0.0,0.0
4078.682,M-detector,0,1,25,0.0,0.0,0.0,0.0
4078.782,M-detector,0,1,25,0.0,0.0,0.0,0.0
4078.882,M-detector,0,2,25,0.0,0.0,0.0,0.0
4078.982,M-detector,0,2,25,0.0,0.0,0.0,0.0
4079.082,M-detector,0,2,25,0.0,0.0,0.0,0.0
4079.182,M-detector,0,1,25,0.0,0.0,0.0,0.0
4079.282,M-detector,0,2,25,0.0,0.0,0.0,0.0
4079.382,M-detector,0,1,25,0.0,0.0,0.0,0.0
4079.482,M-detector,0,1,25,0.0,0.0,0.0,0.0
4079.582,M-detector,0,1,25,0.0,0.0,0.0,0.0
4079.682,M-detector,0,1,25,0.0,0.0,0.0,0.0
4079.782,M-detector,0,1,25,0.0,0.0,0.0,0.0
4079.882,M-detector,0,1,25,0.0,0.0,0.0,0.0
4079.982,M-detector,0,1,25,0.0,0.0,0.0,0.0
4080.082,M-detector,0,1,25,0.0,0.0,0.0,0.0
4080.182,M-detector,0,1,25,0.0,0.0,0.0,0.0
4080.282,M-detector,0,1,25,0.0,0.0,0.0,0.0
4080.382,M-detector,0,0,25,0.0,0.0,0.0,0.0
4080.482,M-detector,0,3,25,0.0,0.0,0.0,0.0
4080.582,M-detector,0,3,25,0.0,0.0,0.0,0.0
4080.682,M-detector,0,1,25,0.0,0.0,0.0,0.0
4080.782,M-detector,0,0,25,0.0,0.0,0.0,0.0
4080.882,M-detector,0,2,25,0.0,0.0,0.0,0.0
4080.982,M-detector,0,2,25,0.0,0.0,0.0,0.0
4081.082,M-detector,0,1,25,0.0,0.0,0.0,0.0
4081.182,M-detector,0,1,25,0.0,0.0,0.0,0.0
4081.282,M-detector,0,1,25,0.0,0.0,0.0,0.0
4081.382,M-detector,0,2,25,0.0,0.0,0.0,0.0
4081.482,M-detector,0,3,25,0.0,0.0,0.0,0.0
4081.582,M-detector,0,2,25,0.0,0.0,0.0,0.0
4081.682,M-detector,0,3,25,0.0,0.0,0.0,0.0
4081.782,M-detector,0,2,25,0.0,0.0,0.0,0.0
4081.882,M-detector,0,4,25,0.0,0.0,0.0,0.0
4081.982,M-detector,0,2,25,0.0,0.0,0.0,0.0
4082.082,M-detector,0,2,25,0.0,0.0,0.0,0.0
4082.182,M-detector,0,1,25,0.0,0.0,0.0,0.0
4082.282,M-detector,0,2,25,0.0,0.0,0.0,0.0
4082.382,M-detector,0,2,25,0.0,0.0,0.0,0.0
4082.482,M-detector,0,2,25,0.0,0.0,0.0,0.0
4082.582,M-detector,0,2,25,0.0,0.0,0.0,0.0
4082.682,M-detector,0,2,25,0.0,0.0,0.0,0.0
4082.782,M-detector,1,1,24,0.04,0.5,0.07407407407407407,0.36684956289582843
4082.882,M-detector,1,2,24,0.04,0.3333333333333333,0.07142857142857142,0.3388324235921917
4082.982,M-detector,1,1,24,0.04,0.5,0.07407407407407407,0.5438300067356812
4083.082,M-detector,0,2,25,0.0,0.0,0.0,0.0
4083.182,M-detector,0,2,25,0.0,0.0,0.0,0.0
4083.282,M-detector,0,4,25,0.0,0.0,0.0,0.0
4083.382,M-detector,0,2,25,0.0,0.0,0.0,0.0
4083.482,M-detector,0,3,25,0.0,0.0,0.0,0.0
4083.582,M-detector,0,4,25,0.0,0.0,0.0,0.0
4083.682,M-detector,0,3,25,0.0,0.0,0.0,0.0
4083.782,M-detector,0,3,25,0.0,0.0,0.0,0.0
4083.882,M-detector,0,3,25,0.0,0.0,0.0,0.0
4083.982,M-detector,0,3,25,0.0,0.0,0.0,0.0
4084.082,M-detector,0,2,25,0.0,0.0,0.0,0.0
4084.182,M-detector,1,2,24,0.04,0.3333333333333333,0.07142857142857142,0.5579692576243814
4084.282,M-detector,0,4,25,0.0,0.0,0.0,0.0
4084.382,M-detector,1,3,24,0.04,0.25,0.06896551724137932,0.5399946297370936
4084.482,M-detector,0,1,25,0.0,0.0,0.0,0.0
4084.582,M-detector,0,1,25,0.0,0.0,0.0,0.0
4084.682,M-detector,0,3,25,0.0,0.0,0.0,0.0
4084.782,M-detector,0,3,25,0.0,0.0,0.0,0.0
4084.882,M-detector,0,2,25,0.0,0.0,0.0,0.0
4084.982,M-detector,0,2,25,0.0,0.0,0.0,0.0
4085.082,M-detector,0,2,25,0.0,0.0,0.0,0.0
4085.182,M-detector,0,2,25,0.0,0.0,0.0,0.0
4085.282,M-detector,0,2,25,0.0,0.0,0.0,0.0
4085.382,M-detector,0,2,25,0.0,0.0,0.0,0.0
4085.482,M-detector,0,1,25,0.0,0.0,0.0,0.0
4085.582,M-detector,0,2,25,0.0,0.0,0.0,0.0
4085.682,M-detector,0,2,25,0.0,0.0,0.0,0.0
4085.782,M-detector,0,2,25,0.0,0.0,0.0,0.0
4085.882,M-detector,0,1,25,0.0,0.0,0.0,0.0
4085.982,M-detector,1,0,24,0.04,1.0,0.07692307692307693,0.6267179276575265
4086.082,M-detector,1,0,24,0.04,1.0,0.07692307692307693,0.6396535492454299
4086.182,M-detector,1,0,24,0.04,1.0,0.07692307692307693,0.4165308275101592
4086.282,M-detector,1,0,24,0.04,1.0,0.07692307692307693,0.5026500042850911
4086.382,M-detector,1,0,24,0.04,1.0,0.07692307692307693,0.5557278946436586
4086.482,M-detector,1,0,24,0.04,1.0,0.07692307692307693,0.5540728468386792
4086.582,M-detector,1,0,24,0.04,1.0,0.07692307692307693,0.5240444191170247
4086.682,M-detector,0,1,25,0.0,0.0,0.0,0.0
4086.782,M-detector,0,2,25,0.0,0.0,0.0,0.0
4086.882,M-detector,1,0,24,0.04,1.0,0.07692307692307693,0.5175891290105875
4086.982,M-detector,0,1,25,0.0,0.0,0.0,0.0
4087.082,M-detector,0,1,25,0.0,0.0,0.0,0.0
4087.182,M-detector,1,0,24,0.04,1.0,0.07692307692307693,0.6029411186808199
4087.282,M-detector,1,1,24,0.04,0.5,0.07407407407407407,0.4912829437668575
4087.382,M-detector,1,1,24,0.04,0.5,0.07407407407407407,0.5739437425794819
4087.482,M-detector,0,1,25,0.0,0.0,0.0,0.0
4087.582,M-detector,0,2,25,0.0,0.0,0.0,0.0
4087.682,M-detector,0,1,25,0.0,0.0,0.0,0.0
4087.782,M-detector,0,3,25,0.0,0.0,0.0,0.0
4087.882,M-detector,0,2,25,0.0,0.0,0.0,0.0
4087.982,M-detector,0,1,25,0.0,0.0,0.0,0.0
4088.082,M-detector,0,2,25,0.0,0.0,0.0,0.0
4088.182,M-detector,0,3,25,0.0,0.0,0.0,0.0
4088.282,M-detector,0,2,25,0.0,0.0,0.0,0.0
4088.382,M-detector,1,2,24,0.04,0.3333333333333333,0.07142857142857142,0.507905234562319
4088.482,M-detector,0,3,25,0.0,0.0,0.0,0.0
4088.582,M-detector,0,0,25,0.0,0.0,0.0,0.0
4088.682,M-detector,0,2,25,0.0,0.0,0.0,0.0
4088.782,M-detector,0,1,25,0.0,0.0,0.0,0.0
4088.882,M-detector,0,2,25,0.0,0.0,0.0,0.0
4088.982,M-detector,0,3,25,0.0,0.0,0.0,0.0
4089.082,M-detector,0,1,25,0.0,0.0,0.0,0.0
4089.182,M-detector,0,2,25,0.0,0.0,0.0,0.0
4089.282,M-detector,0,4,25,0.0,0.0,0.0,0.0
4089.382,M-detector,0,2,25,0.0,0.0,0.0,0.0
4089.482,M-detector,0,2,25,0.0,0.0,0.0,0.0
4089.582,M-detector,0,1,25,0.0,0.0,0.0,0.0
4089.682,M-detector,0,2,25,0.0,0.0,0.0,0.0
4089.782,M-detector,0,1,25,0.0,0.0,0.0,0.0
4089.882,M-detector,0,2,25,0.0,0.0,0.0,0.0
4089.982,M-detector,0,3,25,0.0,0.0,0.0,0.0
4090.082,M-detector,0,2,25,0.0,0.0,0.0,0.0
4090.182,M-detector,0,1,25,0.0,0.0,0.0,0.0
4090.282,M-detector,0,1,25,0.0,0.0,0.0,0.0
4090.382,M-detector,1,0,24,0.04,1.0,0.07692307692307693,0.4331120370800225
4090.482,M-detector,2,1,23,0.08,0.6666666666666666,0.14285714285714285,0.4771318785011879
4090.582,M-detector,0,1,25,0.0,0.0,0.0,0.0
4090.682,M-detector,0,1,25,0.0,0.0,0.0,0.0
4090.782,M-detector,2,0,23,0.08,1.0,0.14814814814814814,0.48178686833575646
4090.882,M-detector,1,1,24,0.04,0.5,0.07407407407407407,0.47342512625942346
4090.982,M-detector,0,2,25,0.0,0.0,0.0,0.0
4091.082,M-detector,0,1,25,0.0,0.0,0.0,0.0
4091.182,M-detector,0,2,25,0.0,0.0,0.0,0.0
4091.282,M-detector,1,2,24,0.04,0.3333333333333333,0.07142857142857142,0.44326011940553545
4091.382,M-detector,0,1,25,0.0,0.0,0.0,0.0
4091.482,M-detector,0,1,25,0.0,0.0,0.0,0.0
4091.582,M-detector,0,1,25,0.0,0.0,0.0,0.0
4091.682,M-detector,0,2,25,0.0,0.0,0.0,0.0
4091.783,M-detector,0,2,25,0.0,0.0,0.0,0.0
4091.882,M-detector,0,3,25,0.0,0.0,0.0,0.0
4091.982,M-detector,0,2,25,0.0,0.0,0.0,0.0
4092.082,M-detector,1,1,24,0.04,0.5,0.07407407407407407,0.441915987602344
4092.182,M-detector,0,2,25,0.0,0.0,0.0,0.0
4092.282,M-detector,0,2,25,0.0,0.0,0.0,0.0
4092.382,M-detector,0,2,25,0.0,0.0,0.0,0.0
4092.482,M-detector,0,2,25,0.0,0.0,0.0,0.0
4092.582,M-detector,0,1,25,0.0,0.0,0.0,0.0
4092.682,M-detector,0,1,25,0.0,0.0,0.0,0.0
4092.782,M-detector,0,2,25,0.0,0.0,0.0,0.0
4092.882,M-detector,0,2,25,0.0,0.0,0.0,0.0
4092.982,M-detector,0,1,25,0.0,0.0,0.0,0.0
4093.082,M-detector,0,1,25,0.0,0.0,0.0,0.0
4093.182,M-detector,0,1,25,0.0,0.0,0.0,0.0
4093.282,M-detector,0,1,25,0.0,0.0,0.0,0.0
4093.382,M-detector,0,1,25,0.0,0.0,0.0,0.0
4093.482,M-detector,0,1,25,0.0,0.0,0.0,0.0
4093.582,M-detector,0,1,25,0.0,0.0,0.0,0.0
4093.682,M-detector,0,0,25,0.0,0.0,0.0,0.0
4093.782,M-detector,0,1,25,0.0,0.0,0.0,0.0
4093.882,M-detector,0,1,25,0.0,0.0,0.0,0.0
4093.982,M-detector,0,0,25,0.0,0.0,0.0,0.0
4094.082,M-detector,0,0,25,0.0,0.0,0.0,0.0
4094.182,M-detector,0,1,25,0.0,0.0,0.0,0.0
4094.282,M-detector,1,1,24,0.04,0.5,0.07407407407407407,0.5822385455427692
4094.382,M-detector,0,1,25,0.0,0.0,0.0,0.0
4094.482,M-detector,0,3,25,0.0,0.0,0.0,0.0
4094.582,M-detector,1,0,24,0.04,1.0,0.07692307692307693,0.520558641723014
4094.682,M-detector,0,2,25,0.0,0.0,0.0,0.0
4094.782,M-detector,0,2,25,0.0,0.0,0.0,0.0
4094.882,M-detector,0,3,25,0.0,0.0,0.0,0.0
4094.982,M-detector,0,3,25,0.0,0.0,0.0,0.0
4095.082,M-detector,0,0,25,0.0,0.0,0.0,0.0
4095.182,M-detector,0,2,25,0.0,0.0,0.0,0.0
4095.282,M-detector,0,2,25,0.0,0.0,0.0,0.0
4095.382,M-detector,0,3,25,0.0,0.0,0.0,0.0
4095.482,M-detector,0,2,25,0.0,0.0,0.0,0.0
4095.582,M-detector,0,2,25,0.0,0.0,0.0,0.0
4095.683,M-detector,0,2,25,0.0,0.0,0.0,0.0
4095.782,M-detector,0,4,25,0.0,0.0,0.0,0.0
4095.882,M-detector,0,4,25,0.0,0.0,0.0,0.0
4095.982,M-detector,0,4,25,0.0,0.0,0.0,0.0
4096.082,M-detector,0,2,25,0.0,0.0,0.0,0.0
4096.182,M-detector,0,3,25,0.0,0.0,0.0,0.0
4096.282,M-detector,1,2,24,0.04,0.3333333333333333,0.07142857142857142,0.577385425152573
4096.382,M-detector,1,1,24,0.04,0.5,0.07407407407407407,0.47154133147338245
4096.482,M-detector,0,2,25,0.0,0.0,0.0,0.0
4096.582,M-detector,0,1,25,0.0,0.0,0.0,0.0
4096.682,M-detector,0,2,25,0.0,0.0,0.0,0.0
4096.782,M-detector,0,1,25,0.0,0.0,0.0,0.0
4096.882,M-detector,0,1,25,0.0,0.0,0.0,0.0
4096.982,M-detector,1,2,24,0.04,0.3333333333333333,0.07142857142857142,0.4943057486754927
4097.082,M-detector,0,2,25,0.0,0.0,0.0,0.0
4097.182,M-detector,0,1,25,0.0,0.0,0.0,0.0
4097.282,M-detector,0,0,25,0.0,0.0,0.0,0.0
4097.382,M-detector,0,1,25,0.0,0.0,0.0,0.0
4097.482,M-detector,0,2,25,0.0,0.0,0.0,0.0
4097.582,M-detector,0,1,25,0.0,0.0,0.0,0.0
4097.682,M-detector,1,0,24,0.04,1.0,0.07692307692307693,0.4739926394905194
4097.782,M-detector,0,1,25,0.0,0.0,0.0,0.0
4097.882,M-detector,0,2,25,0.0,0.0,0.0,0.0
4097.982,M-detector,1,1,24,0.04,0.5,0.07407407407407407,0.4728168059551435
4098.082,M-detector,0,1,25,0.0,0.0,0.0,0.0
4098.182,M-detector,0,1,25,0.0,0.0,0.0,0.0
4098.282,M-detector,0,1,25,0.0,0.0,0.0,0.0
4098.382,M-detector,0,1,25,0.0,0.0,0.0,0.0
4098.482,M-detector,0,2,25,0.0,0.0,0.0,0.0
4098.582,M-detector,0,1,25,0.0,0.0,0.0,0.0
4098.682,M-detector,0,0,25,0.0,0.0,0.0,0.0
4098.782,M-detector,0,1,25,0.0,0.0,0.0,0.0
4098.882,M-detector,0,1,25,0.0,0.0,0.0,0.0
4098.982,M-detector,0,2,25,0.0,0.0,0.0,0.0
4099.082,M-detector,0,0,25,0.0,0.0,0.0,0.0
4099.182,M-detector,0,1,25,0.0,0.0,0.0,0.0
4099.282,M-detector,0,1,25,0.0,0.0,0.0,0.0
4099.382,M-detector,0,1,25,0.0,0.0,0.0,0.0
4099.482,M-detector,0,1,25,0.0,0.0,0.0,0.0
4099.582,M-detector,0,1,25,0.0,0.0,0.0,0.0
4099.683,M-detector,0,1,25,0.0,0.0,0.0,0.0
4099.782,M-detector,0,1,25,0.0,0.0,0.0,0.0
4099.882,M-detector,0,1,25,0.0,0.0,0.0,0.0
4099.982,M-detector,0,1,25,0.0,0.0,0.0,0.0
4100.082,M-detector,0,1,25,0.0,0.0,0.0,0.0
4100.182,M-detector,0,1,25,0.0,0.0,0.0,0.0
4100.282,M-detector,0,1,25,0.0,0.0,0.0,0.0
4100.382,M-detector,0,1,25,0.0,0.0,0.0,0.0
4100.482,M-detector,0,1,25,0.0,0.0,0.0,0.0
4100.582,M-detector,0,2,25,0.0,0.0,0.0,0.0
4100.682,M-detector,0,2,25,0.0,0.0,0.0,0.0
4100.785,M-detector,0,2,25,0.0,0.0,0.0,0.0
4100.882,M-detector,0,2,25,0.0,0.0,0.0,0.0
4100.982,M-detector,0,3,25,0.0,0.0,0.0,0.0
4101.082,M-detector,0,1,25,0.0,0.0,0.0,0.0
4101.182,M-detector,0,1,25,0.0,0.0,0.0,0.0
4101.282,M-detector,0,2,25,0.0,0.0,0.0,0.0
4101.383,M-detector,0,4,25,0.0,0.0,0.0,0.0
4101.482,M-detector,0,4,25,0.0,0.0,0.0,0.0
4101.582,M-detector,0,2,25,0.0,0.0,0.0,0.0
4101.682,M-detector,0,2,25,0.0,0.0,0.0,0.0
4101.782,M-detector,0,2,25,0.0,0.0,0.0,0.0
4101.882,M-detector,0,2,25,0.0,0.0,0.0,0.0
4101.982,M-detector,0,2,25,0.0,0.0,0.0,0.0
4102.082,M-detector,0,0,25,0.0,0.0,0.0,0.0
4102.182,M-detector,0,1,25,0.0,0.0,0.0,0.0
4102.282,M-detector,0,2,25,0.0,0.0,0.0,0.0
4102.382,M-detector,0,2,25,0.0,0.0,0.0,0.0
4102.482,M-detector,0,2,25,0.0,0.0,0.0,0.0
4102.582,M-detector,0,0,25,0.0,0.0,0.0,0.0
4102.682,M-detector,0,0,25,0.0,0.0,0.0,0.0
4102.782,M-detector,0,1,25,0.0,0.0,0.0,0.0
4102.882,M-detector,0,2,25,0.0,0.0,0.0,0.0
4102.982,M-detector,0,2,25,0.0,0.0,0.0,0.0
4103.082,M-detector,0,2,25,0.0,0.0,0.0,0.0
4103.182,M-detector,0,2,25,0.0,0.0,0.0,0.0
4103.282,M-detector,0,2,25,0.0,0.0,0.0,0.0
4103.382,M-detector,0,2,25,0.0,0.0,0.0,0.0
4103.482,M-detector,0,2,25,0.0,0.0,0.0,0.0
4103.582,M-detector,0,2,25,0.0,0.0,0.0,0.0
4103.682,M-detector,0,3,25,0.0,0.0,0.0,0.0
4103.782,M-detector,0,4,25,0.0,0.0,0.0,0.0
4103.882,M-detector,0,3,25,0.0,0.0,0.0,0.0
4103.982,M-detector,0,3,25,0.0,0.0,0.0,0.0
4104.082,M-detector,1,2,24,0.04,0.3333333333333333,0.07142857142857142,0.41979640998629275
4104.182,M-detector,0,2,25,0.0,0.0,0.0,0.0
4104.282,M-detector,0,1,25,0.0,0.0,0.0,0.0
4104.382,M-detector,1,2,24,0.04,0.3333333333333333,0.07142857142857142,0.4165937171617011
4104.482,M-detector,0,1,25,0.0,0.0,0.0,0.0
4104.582,M-detector,0,1,25,0.0,0.0,0.0,0.0
4104.682,M-detector,1,2,24,0.04,0.3333333333333333,0.07142857142857142,0.39631258345438997
4104.782,M-detector,1,1,24,0.04,0.5,0.07407407407407407,0.410716606708444
4104.882,M-detector,0,1,25,0.0,0.0,0.0,0.0
4104.982,M-detector,0,1,25,0.0,0.0,0.0,0.0
4105.082,M-detector,0,0,25,0.0,0.0,0.0,0.0
4105.182,M-detector,0,0,25,0.0,0.0,0.0,0.0
4105.282,M-detector,0,2,25,0.0,0.0,0.0,0.0
4105.382,M-detector,0,2,25,0.0,0.0,0.0,0.0
4105.482,M-detector,0,2,25,0.0,0.0,0.0,0.0
4105.582,M-detector,0,2,25,0.0,0.0,0.0,0.0
4105.682,M-detector,0,2,25,0.0,0.0,0.0,0.0
4105.782,M-detector,0,0,25,0.0,0.0,0.0,0.0
4105.882,M-detector,1,0,24,0.04,1.0,0.07692307692307693,0.5055365675597318
4105.982,M-detector,2,0,23,0.08,1.0,0.14814814814814814,0.5211666195779031
4106.082,M-detector,1,1,24,0.04,0.5,0.07407407407407407,0.4942476368263494
4106.182,M-detector,0,2,25,0.0,0.0,0.0,0.0
4106.282,M-detector,1,1,24,0.04,0.5,0.07407407407407407,0.5826664698567408
4106.382,M-detector,2,1,23,0.08,0.6666666666666666,0.14285714285714285,0.5043522713526146
4106.482,M-detector,1,1,24,0.04,0.5,0.07407407407407407,0.54148388326252
4106.582,M-detector,1,2,24,0.04,0.3333333333333333,0.07142857142857142,0.5150173785234342
4106.682,M-detector,0,2,25,0.0,0.0,0.0,0.0
4106.782,M-detector,2,0,23,0.08,1.0,0.14814814814814814,0.555979914080668
4106.882,M-detector,1,1,24,0.04,0.5,0.07407407407407407,0.5178389113570717
4106.982,M-detector,0,2,25,0.0,0.0,0.0,0.0
4107.082,M-detector,1,1,24,0.04,0.5,0.07407407407407407,0.5424069663777847
4107.182,M-detector,1,1,24,0.04,0.5,0.07407407407407407,0.5956725772524684
4107.282,M-detector,1,2,24,0.04,0.3333333333333333,0.07142857142857142,0.5010385803667655
4107.382,M-detector,1,0,24,0.04,1.0,0.07692307692307693,0.5673087195956251
4107.482,M-detector,1,1,24,0.04,0.5,0.07407407407407407,0.5354738787578398
4107.582,M-detector,1,1,24,0.04,0.5,0.07407407407407407,0.5508406795485467
4107.682,M-detector,0,2,25,0.0,0.0,0.0,0.0
4107.782,M-detector,1,1,24,0.04,0.5,0.07407407407407407,0.5198660032598211
4107.882,M-detector,1,1,24,0.04,0.5,0.07407407407407407,0.4989643041539286
4107.982,M-detector,1,1,24,0.04,0.5,0.07407407407407407,0.5486250318740742
4108.082,M-detector,1,1,24,0.04,0.5,0.07407407407407407,0.48028173765921306
4108.182,M-detector,1,1,24,0.04,0.5,0.07407407407407407,0.4196392640485073
4108.282,M-detector,0,2,25,0.0,0.0,0.0,0.0
4108.382,M-detector,2,1,23,0.08,0.6666666666666666,0.14285714285714285,0.45401693809239346
4108.482,M-detector,1,2,24,0.04,0.3333333333333333,0.07142857142857142,0.3836545730689857
4108.582,M-detector,0,1,25,0.0,0.0,0.0,0.0
4108.682,M-detector,0,2,25,0.0,0.0,0.0,0.0
4108.782,M-detector,0,5,25,0.0,0.0,0.0,0.0
4108.882,M-detector,0,2,25,0.0,0.0,0.0,0.0
4108.982,M-detector,0,3,25,0.0,0.0,0.0,0.0
4109.082,M-detector,0,3,25,0.0,0.0,0.0,0.0
4109.182,M-detector,0,3,25,0.0,0.0,0.0,0.0
4109.282,M-detector,0,2,25,0.0,0.0,0.0,0.0
4109.382,M-detector,0,3,25,0.0,0.0,0.0,0.0
4109.482,M-detector,0,4,25,0.0,0.0,0.0,0.0
4109.582,M-detector,0,3,25,0.0,0.0,0.0,0.0
4109.682,M-detector,0,3,25,0.0,0.0,0.0,0.0
4109.782,M-detector,0,2,25,0.0,0.0,0.0,0.0
4109.882,M-detector,0,3,25,0.0,0.0,0.0,0.0
4109.982,M-detector,0,1,25,0.0,0.0,0.0,0.0
4110.082,M-detector,0,1,25,0.0,0.0,0.0,0.0
4110.182,M-detector,0,1,25,0.0,0.0,0.0,0.0
4110.282,M-detector,1,1,24,0.04,0.5,0.07407407407407407,0.5839707501412778
4110.382,M-detector,0,2,25,0.0,0.0,0.0,0.0
4110.482,M-detector,1,2,24,0.04,0.3333333333333333,0.07142857142857142,0.399686929367031
4110.582,M-detector,1,1,24,0.04,0.5,0.07407407407407407,0.4403014474687926
4110.682,M-detector,0,2,25,0.0,0.0,0.0,0.0
4110.782,M-detector,1,1,24,0.04,0.5,0.07407407407407407,0.4452127980832025
4110.882,M-detector,1,1,24,0.04,0.5,0.07407407407407407,0.44998077316308743
4110.982,M-detector,0,1,25,0.0,0.0,0.0,0.0
4111.082,M-detector,0,0,25,0.0,0.0,0.0,0.0
4111.182,M-detector,0,2,25,0.0,0.0,0.0,0.0
4111.282,M-detector,0,2,25,0.0,0.0,0.0,0.0
4111.382,M-detector,0,3,25,0.0,0.0,0.0,0.0
4111.482,M-detector,0,2,25,0.0,0.0,0.0,0.0
4111.582,M-detector,0,3,25,0.0,0.0,0.0,0.0
4111.682,M-detector,0,2,25,0.0,0.0,0.0,0.0
4111.782,M-detector,0,2,25,0.0,0.0,0.0,0.0
4111.883,M-detector,0,2,25,0.0,0.0,0.0,0.0
4111.982,M-detector,0,2,25,0.0,0.0,0.0,0.0
4112.082,M-detector,1,1,24,0.04,0.5,0.07407407407407407,0.44268247749109213
4112.182,M-detector,1,1,24,0.04,0.5,0.07407407407407407,0.6273455285596575
4112.282,M-detector,0,2,25,0.0,0.0,0.0,0.0
4112.382,M-detector,1,1,24,0.04,0.5,0.07407407407407407,0.4609463570553893
4112.482,M-detector,0,2,25,0.0,0.0,0.0,0.0
4112.582,M-detector,0,0,25,0.0,0.0,0.0,0.0
4112.682,M-detector,0,2,25,0.0,0.0,0.0,0.0
4112.782,M-detector,0,1,25,0.0,0.0,0.0,0.0
4112.882,M-detector,0,2,25,0.0,0.0,0.0,0.0
4112.982,M-detector,0,1,25,0.0,0.0,0.0,0.0
4113.082,M-detector,0,1,25,0.0,0.0,0.0,0.0
4113.182,M-detector,0,2,25,0.0,0.0,0.0,0.0
4113.282,M-detector,0,2,25,0.0,0.0,0.0,0.0
4113.382,M-detector,0,2,25,0.0,0.0,0.0,0.0
4113.482,M-detector,0,2,25,0.0,0.0,0.0,0.0
4113.582,M-detector,0,2,25,0.0,0.0,0.0,0.0
4113.682,M-detector,1,2,24,0.04,0.3333333333333333,0.07142857142857142,0.3869833399304497
4113.782,M-detector,0,1,25,0.0,0.0,0.0,0.0
4113.882,M-detector,0,1,25,0.0,0.0,0.0,0.0
4113.982,M-detector,0,0,25,0.0,0.0,0.0,0.0
4114.082,M-detector,0,1,25,0.0,0.0,0.0,0.0
4114.182,M-detector,0,1,25,0.0,0.0,0.0,0.0
4114.282,M-detector,0,1,25,0.0,0.0,0.0,0.0
4114.382,M-detector,0,0,25,0.0,0.0,0.0,0.0
4114.482,M-detector,0,0,25,0.0,0.0,0.0,0.0
4114.582,M-detector,0,0,25,0.0,0.0,0.0,0.0
4114.687,M-detector,0,0,25,0.0,0.0,0.0,0.0
4114.782,M-detector,0,1,25,0.0,0.0,0.0,0.0
4114.882,M-detector,0,1,25,0.0,0.0,0.0,0.0
4114.982,M-detector,0,2,25,0.0,0.0,0.0,0.0
4115.082,M-detector,0,1,25,0.0,0.0,0.0,0.0
4115.182,M-detector,0,1,25,0.0,0.0,0.0,0.0
4115.282,M-detector,0,2,25,0.0,0.0,0.0,0.0
4115.382,M-detector,0,1,25,0.0,0.0,0.0,0.0
4115.482,M-detector,0,2,25,0.0,0.0,0.0,0.0
4115.582,M-detector,0,1,25,0.0,0.0,0.0,0.0
4115.682,M-detector,0,2,25,0.0,0.0,0.0,0.0
4115.782,M-detector,0,2,25,0.0,0.0,0.0,0.0
4115.882,M-detector,0,2,25,0.0,0.0,0.0,0.0
4115.982,M-detector,0,2,25,0.0,0.0,0.0,0.0
4116.082,M-detector,0,2,25,0.0,0.0,0.0,0.0
4116.183,M-detector,0,2,25,0.0,0.0,0.0,0.0
4116.282,M-detector,0,2,25,0.0,0.0,0.0,0.0
4116.382,M-detector,0,1,25,0.0,0.0,0.0,0.0
4116.482,M-detector,0,2,25,0.0,0.0,0.0,0.0
4116.582,M-detector,0,1,25,0.0,0.0,0.0,0.0
4116.682,M-detector,0,1,25,0.0,0.0,0.0,0.0
4116.782,M-detector,0,2,25,0.0,0.0,0.0,0.0
4116.882,M-detector,0,3,25,0.0,0.0,0.0,0.0
4116.982,M-detector,0,2,25,0.0,0.0,0.0,0.0
4117.082,M-detector,0,2,25,0.0,0.0,0.0,0.0
4117.182,M-detector,0,3,25,0.0,0.0,0.0,0.0
4117.282,M-detector,0,4,25,0.0,0.0,0.0,0.0
4117.382,M-detector,0,2,25,0.0,0.0,0.0,0.0
4117.482,M-detector,0,2,25,0.0,0.0,0.0,0.0
4117.582,M-detector,0,3,25,0.0,0.0,0.0,0.0
4117.682,M-detector,0,2,25,0.0,0.0,0.0,0.0
4117.782,M-detector,0,2,25,0.0,0.0,0.0,0.0
4117.882,M-detector,0,2,25,0.0,0.0,0.0,0.0
4117.982,M-detector,0,2,25,0.0,0.0,0.0,0.0
4118.082,M-detector,0,1,25,0.0,0.0,0.0,0.0
4118.182,M-detector,0,0,25,0.0,0.0,0.0,0.0
4118.282,M-detector,0,1,25,0.0,0.0,0.0,0.0
4118.382,M-detector,0,1,25,0.0,0.0,0.0,0.0
4118.482,M-detector,0,1,25,0.0,0.0,0.0,0.0
4118.582,M-detector,0,2,25,0.0,0.0,0.0,0.0
4118.682,M-detector,0,1,25,0.0,0.0,0.0,0.0
4118.782,M-detector,0,1,25,0.0,0.0,0.0,0.0
4118.882,M-detector,0,2,25,0.0,0.0,0.0,0.0
4118.982,M-detector,0,2,25,0.0,0.0,0.0,0.0
4119.082,M-detector,0,1,25,0.0,0.0,0.0,0.0
4119.182,M-detector,0,0,25,0.0,0.0,0.0,0.0
4119.282,M-detector,0,2,25,0.0,0.0,0.0,0.0
4119.382,M-detector,0,1,25,0.0,0.0,0.0,0.0
4119.482,M-detector,0,0,25,0.0,0.0,0.0,0.0
4119.582,M-detector,0,0,25,0.0,0.0,0.0,0.0
4119.686,M-detector,0,0,25,0.0,0.0,0.0,0.0
4119.782,M-detector,0,0,25,0.0,0.0,0.0,0.0
4119.882,M-detector,0,0,25,0.0,0.0,0.0,0.0
4119.982,M-detector,0,0,25,0.0,0.0,0.0,0.0
4120.082,M-detector,0,0,25,0.0,0.0,0.0,0.0
4120.182,M-detector,0,0,25,0.0,0.0,0.0,0.0
4120.282,M-detector,0,0,25,0.0,0.0,0.0,0.0
4120.382,M-detector,0,0,25,0.0,0.0,0.0,0.0
4120.482,M-detector,0,0,25,0.0,0.0,0.0,0.0
4120.582,M-detector,0,0,25,0.0,0.0,0.0,0.0
4120.682,M-detector,0,0,25,0.0,0.0,0.0,0.0
4120.782,M-detector,0,0,25,0.0,0.0,0.0,0.0
4120.882,M-detector,0,0,25,0.0,0.0,0.0,0.0
4120.982,M-detector,0,1,25,0.0,0.0,0.0,0.0
4121.082,M-detector,0,0,25,0.0,0.0,0.0,0.0
4121.182,M-detector,0,0,25,0.0,0.0,0.0,0.0
4121.282,M-detector,0,1,25,0.0,0.0,0.0,0.0
4121.382,M-detector,0,0,25,0.0,0.0,0.0,0.0
4121.482,M-detector,0,0,25,0.0,0.0,0.0,0.0
4121.582,M-detector,0,0,25,0.0,0.0,0.0,0.0
4121.682,M-detector,0,1,25,0.0,0.0,0.0,0.0
4121.782,M-detector,0,1,25,0.0,0.0,0.0,0.0
4121.882,M-detector,0,1,25,0.0,0.0,0.0,0.0
4121.982,M-detector,0,1,25,0.0,0.0,0.0,0.0
4122.082,M-detector,0,1,25,0.0,0.0,0.0,0.0
4122.183,M-detector,0,0,25,0.0,0.0,0.0,0.0
4122.282,M-detector,0,2,25,0.0,0.0,0.0,0.0
4122.382,M-detector,0,0,25,0.0,0.0,0.0,0.0
4122.482,M-detector,0,1,25,0.0,0.0,0.0,0.0
4122.582,M-detector,0,1,25,0.0,0.0,0.0,0.0
4122.682,M-detector,0,1,25,0.0,0.0,0.0,0.0
4122.782,M-detector,0,2,25,0.0,0.0,0.0,0.0
4122.882,M-detector,0,1,25,0.0,0.0,0.0,0.0
4122.982,M-detector,0,3,25,0.0,0.0,0.0,0.0
4123.082,M-detector,0,1,25,0.0,0.0,0.0,0.0
4123.182,M-detector,0,3,25,0.0,0.0,0.0,0.0
4123.284,M-detector,0,2,25,0.0,0.0,0.0,0.0
4123.382,M-detector,0,3,25,0.0,0.0,0.0,0.0
4123.482,M-detector,0,5,25,0.0,0.0,0.0,0.0
4123.582,M-detector,0,2,25,0.0,0.0,0.0,0.0
4123.682,M-detector,0,3,25,0.0,0.0,0.0,0.0
4123.782,M-detector,0,4,25,0.0,0.0,0.0,0.0
4123.882,M-detector,0,5,25,0.0,0.0,0.0,0.0
4123.982,M-detector,0,4,25,0.0,0.0,0.0,0.0
4124.082,M-detector,0,2,25,0.0,0.0,0.0,0.0
4124.182,M-detector,0,3,25,0.0,0.0,0.0,0.0
4124.282,M-detector,0,4,25,0.0,0.0,0.0,0.0
4124.382,M-detector,1,3,24,0.04,0.25,0.06896551724137932,0.5323265814404211
4124.482,M-detector,0,3,25,0.0,0.0,0.0,0.0
4124.582,M-detector,0,1,25,0.0,0.0,0.0,0.0
4124.682,M-detector,1,1,24,0.04,0.5,0.07407407407407407,0.43550194752289983
4124.782,M-detector,1,0,24,0.04,1.0,0.07692307692307693,0.3977976267258881
4124.882,M-detector,0,2,25,0.0,0.0,0.0,0.0
4124.982,M-detector,0,2,25,0.0,0.0,0.0,0.0
4125.082,M-detector,1,2,24,0.04,0.3333333333333333,0.07142857142857142,0.4501257960951675
4125.182,M-detector,0,4,25,0.0,0.0,0.0,0.0
4125.282,M-detector,0,2,25,0.0,0.0,0.0,0.0
4125.382,M-detector,0,2,25,0.0,0.0,0.0,0.0
4125.482,M-detector,0,3,25,0.0,0.0,0.0,0.0
4125.582,M-detector,0,1,25,0.0,0.0,0.0,0.0
4125.682,M-detector,0,2,25,0.0,0.0,0.0,0.0
4125.782,M-detector,2,0,23,0.08,1.0,0.14814814814814814,0.5004807423749377
4125.882,M-detector,1,2,24,0.04,0.3333333333333333,0.07142857142857142,0.5765020924990076
4125.982,M-detector,0,3,25,0.0,0.0,0.0,0.0
4126.082,M-detector,0,1,25,0.0,0.0,0.0,0.0
4126.182,M-detector,2,0,23,0.08,1.0,0.14814814814814814,0.5265058858153945
4126.282,M-detector,2,1,23,0.08,0.6666666666666666,0.14285714285714285,0.5172881194998535
4126.382,M-detector,1,1,24,0.04,0.5,0.07407407407407407,0.4221872276143973
4126.482,M-detector,2,1,23,0.08,0.6666666666666666,0.14285714285714285,0.4714179787804332
4126.582,M-detector,0,2,25,0.0,0.0,0.0,0.0
4126.682,M-detector,0,2,25,0.0,0.0,0.0,0.0
4126.782,M-detector,1,1,24,0.04,0.5,0.07407407407407407,0.5856005190823986
4126.882,M-detector,1,1,24,0.04,0.5,0.07407407407407407,0.5035102196902521
4126.982,M-detector,1,1,24,0.04,0.5,0.07407407407407407,0.47234533974131115
4127.082,M-detector,0,1,25,0.0,0.0,0.0,0.0
4127.182,M-detector,0,3,25,0.0,0.0,0.0,0.0
4127.282,M-detector,1,1,24,0.04,0.5,0.07407407407407407,0.4771450419789069
4127.382,M-detector,0,2,25,0.0,0.0,0.0,0.0
4127.482,M-detector,0,2,25,0.0,0.0,0.0,0.0
4127.582,M-detector,1,1,24,0.04,0.5,0.07407407407407407,0.531475571546879
4127.682,M-detector,0,2,25,0.0,0.0,0.0,0.0
4127.782,M-detector,0,2,25,0.0,0.0,0.0,0.0
4127.882,M-detector,0,1,25,0.0,0.0,0.0,0.0
4127.982,M-detector,0,1,25,0.0,0.0,0.0,0.0
4128.082,M-detector,0,1,25,0.0,0.0,0.0,0.0
4128.182,M-detector,0,1,25,0.0,0.0,0.0,0.0
4128.283,M-detector,1,0,24,0.04,1.0,0.07692307692307693,0.5503630268436485
4128.382,M-detector,0,0,25,0.0,0.0,0.0,0.0
4128.482,M-detector,0,0,25,0.0,0.0,0.0,0.0
4128.582,M-detector,0,0,25,0.0,0.0,0.0,0.0
4128.682,M-detector,1,0,24,0.04,1.0,0.07692307692307693,0.390465895831046
4128.782,M-detector,0,0,25,0.0,0.0,0.0,0.0
4128.882,M-detector,0,1,25,0.0,0.0,0.0,0.0
4128.982,M-detector,0,1,25,0.0,0.0,0.0,0.0
4129.082,M-detector,0,1,25,0.0,0.0,0.0,0.0
4129.182,M-detector,0,0,25,0.0,0.0,0.0,0.0
4129.282,M-detector,0,1,25,0.0,0.0,0.0,0.0
4129.382,M-detector,0,1,25,0.0,0.0,0.0,0.0
4129.482,M-detector,0,1,25,0.0,0.0,0.0,0.0
4129.582,M-detector,0,1,25,0.0,0.0,0.0,0.0
4129.682,M-detector,0,0,25,0.0,0.0,0.0,0.0
4129.782,M-detector,0,0,25,0.0,0.0,0.0,0.0
4129.882,M-detector,0,2,25,0.0,0.0,0.0,0.0
4129.982,M-detector,0,2,25,0.0,0.0,0.0,0.0
4130.082,M-detector,0,0,25,0.0,0.0,0.0,0.0
4130.182,M-detector,0,0,25,0.0,0.0,0.0,0.0
4130.282,M-detector,0,1,25,0.0,0.0,0.0,0.0
4130.382,M-detector,0,3,25,0.0,0.0,0.0,0.0
4130.482,M-detector,1,2,24,0.04,0.3333333333333333,0.07142857142857142,0.4687482466371327
4130.582,M-detector,0,0,25,0.0,0.0,0.0,0.0
4130.682,M-detector,0,1,25,0.0,0.0,0.0,0.0
4130.782,M-detector,1,2,24,0.04,0.3333333333333333,0.07142857142857142,0.5194315408492645
4130.883,M-detector,1,2,24,0.04,0.3333333333333333,0.07142857142857142,0.4472420987641573
4130.982,M-detector,0,3,25,0.0,0.0,0.0,0.0
4131.082,M-detector,0,0,25,0.0,0.0,0.0,0.0
4131.182,M-detector,0,3,25,0.0,0.0,0.0,0.0
4131.282,M-detector,0,3,25,0.0,0.0,0.0,0.0
4131.382,M-detector,0,3,25,0.0,0.0,0.0,0.0
4131.482,M-detector,0,4,25,0.0,0.0,0.0,0.0
4131.582,M-detector,0,3,25,0.0,0.0,0.0,0.0
4131.682,M-detector,1,3,24,0.04,0.25,0.06896551724137932,0.36207377471382934
4131.782,M-detector,0,3,25,0.0,0.0,0.0,0.0
4131.882,M-detector,0,3,25,0.0,0.0,0.0,0.0
4131.982,M-detector,1,4,24,0.04,0.2,0.06666666666666667,0.3864487154569562
4132.082,M-detector,1,3,24,0.04,0.25,0.06896551724137932,0.4059362326885791
4132.182,M-detector,1,2,24,0.04,0.3333333333333333,0.07142857142857142,0.643422430442955
4132.282,M-detector,0,2,25,0.0,0.0,0.0,0.0
4132.382,M-detector,1,1,24,0.04,0.5,0.07407407407407407,0.41459302497055356
4132.482,M-detector,0,1,25,0.0,0.0,0.0,0.0
4132.582,M-detector,0,2,25,0.0,0.0,0.0,0.0
4132.682,M-detector,0,3,25,0.0,0.0,0.0,0.0
4132.782,M-detector,0,3,25,0.0,0.0,0.0,0.0
4132.882,M-detector,0,3,25,0.0,0.0,0.0,0.0
4132.982,M-detector,0,2,25,0.0,0.0,0.0,0.0
4133.083,M-detector,1,1,24,0.04,0.5,0.07407407407407407,0.5192145487978211
4133.182,M-detector,0,2,25,0.0,0.0,0.0,0.0
4133.282,M-detector,0,2,25,0.0,0.0,0.0,0.0
4133.382,M-detector,0,3,25,0.0,0.0,0.0,0.0
4133.482,M-detector,0,1,25,0.0,0.0,0.0,0.0
4133.582,M-detector,0,0,25,0.0,0.0,0.0,0.0
4133.682,M-detector,0,0,25,0.0,0.0,0.0,0.0
4133.782,M-detector,0,0,25,0.0,0.0,0.0,0.0
4133.882,M-detector,0,0,25,0.0,0.0,0.0,0.0
4133.983,M-detector,0,0,25,0.0,0.0,0.0,0.0
4134.082,M-detector,0,0,25,0.0,0.0,0.0,0.0
4134.182,M-detector,0,0,25,0.0,0.0,0.0,0.0
4134.282,M-detector,0,0,25,0.0,0.0,0.0,0.0
4134.382,M-detector,0,0,25,0.0,0.0,0.0,0.0
4134.482,M-detector,0,0,25,0.0,0.0,0.0,0.0
4134.582,M-detector,0,0,25,0.0,0.0,0.0,0.0
4134.682,M-detector,0,0,25,0.0,0.0,0.0,0.0
4134.782,M-detector,0,0,25,0.0,0.0,0.0,0.0
4134.882,M-detector,0,0,25,0.0,0.0,0.0,0.0
4134.982,M-detector,0,0,25,0.0,0.0,0.0,0.0
4135.082,M-detector,0,0,25,0.0,0.0,0.0,0.0
4135.182,M-detector,0,0,25,0.0,0.0,0.0,0.0
4135.282,M-detector,0,0,25,0.0,0.0,0.0,0.0
4135.382,M-detector,0,0,25,0.0,0.0,0.0,0.0
4135.482,M-detector,0,1,25,0.0,0.0,0.0,0.0
4135.582,M-detector,0,0,25,0.0,0.0,0.0,0.0
4135.682,M-detector,0,0,25,0.0,0.0,0.0,0.0
4135.782,M-detector,0,0,25,0.0,0.0,0.0,0.0
4135.882,M-detector,0,0,25,0.0,0.0,0.0,0.0
4135.982,M-detector,0,0,25,0.0,0.0,0.0,0.0
4136.082,M-detector,0,0,25,0.0,0.0,0.0,0.0
4136.182,M-detector,0,0,25,0.0,0.0,0.0,0.0
4136.282,M-detector,0,1,25,0.0,0.0,0.0,0.0
4136.382,M-detector,0,2,25,0.0,0.0,0.0,0.0
4136.482,M-detector,0,2,25,0.0,0.0,0.0,0.0
4136.582,M-detector,0,0,25,0.0,0.0,0.0,0.0
4136.682,M-detector,0,1,25,0.0,0.0,0.0,0.0
4136.782,M-detector,0,1,25,0.0,0.0,0.0,0.0
4136.882,M-detector,0,0,25,0.0,0.0,0.0,0.0
4136.982,M-detector,0,2,25,0.0,0.0,0.0,0.0
4137.082,M-detector,0,0,25,0.0,0.0,0.0,0.0
4137.182,M-detector,0,2,25,0.0,0.0,0.0,0.0
4137.282,M-detector,0,2,25,0.0,0.0,0.0,0.0
4137.382,M-detector,0,3,25,0.0,0.0,0.0,0.0
4137.482,M-detector,0,3,25,0.0,0.0,0.0,0.0
4137.582,M-detector,0,3,25,0.0,0.0,0.0,0.0
4137.682,M-detector,0,2,25,0.0,0.0,0.0,0.0
4137.782,M-detector,0,1,25,0.0,0.0,0.0,0.0
4137.882,M-detector,0,3,25,0.0,0.0,0.0,0.0
4137.982,M-detector,0,2,25,0.0,0.0,0.0,0.0
4138.082,M-detector,0,2,25,0.0,0.0,0.0,0.0
4138.182,M-detector,0,0,25,0.0,0.0,0.0,0.0
4138.282,M-detector,0,1,25,0.0,0.0,0.0,0.0
4138.382,M-detector,0,2,25,0.0,0.0,0.0,0.0
4138.482,M-detector,1,1,24,0.04,0.5,0.07407407407407407,0.43904141459710583
4138.582,M-detector,0,0,25,0.0,0.0,0.0,0.0
4138.682,M-detector,0,1,25,0.0,0.0,0.0,0.0
4138.782,M-detector,1,0,24,0.04,1.0,0.07692307692307693,0.41242650440478124
4138.882,M-detector,1,1,24,0.04,0.5,0.07407407407407407,0.4277355135339182
4138.982,M-detector,0,2,25,0.0,0.0,0.0,0.0
4139.082,M-detector,0,1,25,0.0,0.0,0.0,0.0
4139.182,M-detector,0,4,25,0.0,0.0,0.0,0.0
4139.282,M-detector,0,2,25,0.0,0.0,0.0,0.0
4139.382,M-detector,0,3,25,0.0,0.0,0.0,0.0
4139.482,M-detector,0,2,25,0.0,0.0,0.0,0.0
4139.582,M-detector,0,3,25,0.0,0.0,0.0,0.0
4139.682,M-detector,0,2,25,0.0,0.0,0.0,0.0
4139.782,M-detector,0,2,25,0.0,0.0,0.0,0.0
4139.882,M-detector,0,2,25,0.0,0.0,0.0,0.0
4139.982,M-detector,0,3,25,0.0,0.0,0.0,0.0
4140.082,M-detector,0,2,25,0.0,0.0,0.0,0.0
4140.182,M-detector,0,1,25,0.0,0.0,0.0,0.0
4140.282,M-detector,0,1,25,0.0,0.0,0.0,0.0
4140.383,M-detector,0,3,25,0.0,0.0,0.0,0.0
4140.482,M-detector,0,2,25,0.0,0.0,0.0,0.0
4140.582,M-detector,0,2,25,0.0,0.0,0.0,0.0
4140.682,M-detector,0,2,25,0.0,0.0,0.0,0.0
4140.782,M-detector,0,1,25,0.0,0.0,0.0,0.0
4140.882,M-detector,0,2,25,0.0,0.0,0.0,0.0
4140.982,M-detector,0,2,25,0.0,0.0,0.0,0.0
4141.082,M-detector,0,2,25,0.0,0.0,0.0,0.0
4141.182,M-detector,0,2,25,0.0,0.0,0.0,0.0
4141.282,M-detector,0,1,25,0.0,0.0,0.0,0.0
4141.382,M-detector,0,1,25,0.0,0.0,0.0,0.0
4141.482,M-detector,1,0,24,0.04,1.0,0.07692307692307693,0.5536953103633164
4141.582,M-detector,0,0,25,0.0,0.0,0.0,0.0
4141.682,M-detector,0,1,25,0.0,0.0,0.0,0.0
4141.782,M-detector,0,1,25,0.0,0.0,0.0,0.0
4141.882,M-detector,0,1,25,0.0,0.0,0.0,0.0
4141.982,M-detector,0,0,25,0.0,0.0,0.0,0.0
4142.082,M-detector,0,0,25,0.0,0.0,0.0,0.0
4142.182,M-detector,1,0,24,0.04,1.0,0.07692307692307693,0.47727718302702765
4142.282,M-detector,0,1,25,0.0,0.0,0.0,0.0
4142.382,M-detector,0,1,25,0.0,0.0,0.0,0.0
4142.482,M-detector,0,2,25,0.0,0.0,0.0,0.0
4142.582,M-detector,0,2,25,0.0,0.0,0.0,0.0
4142.683,M-detector,0,1,25,0.0,0.0,0.0,0.0
4142.782,M-detector,0,2,25,0.0,0.0,0.0,0.0
4142.882,M-detector,0,4,25,0.0,0.0,0.0,0.0
4142.982,M-detector,0,3,25,0.0,0.0,0.0,0.0
4143.082,M-detector,0,2,25,0.0,0.0,0.0,0.0
4143.182,M-detector,0,4,25,0.0,0.0,0.0,0.0
4143.282,M-detector,0,4,25,0.0,0.0,0.0,0.0
4143.382,M-detector,0,4,25,0.0,0.0,0.0,0.0
4143.482,M-detector,0,4,25,0.0,0.0,0.0,0.0
4143.582,M-detector,0,4,25,0.0,0.0,0.0,0.0
4143.682,M-detector,1,1,24,0.04,0.5,0.07407407407407407,0.4872044033622372
4143.782,M-detector,0,2,25,0.0,0.0,0.0,0.0
4143.882,M-detector,0,2,25,0.0,0.0,0.0,0.0
4143.982,M-detector,0,1,25,0.0,0.0,0.0,0.0
4144.082,M-detector,0,0,25,0.0,0.0,0.0,0.0
4144.182,M-detector,0,1,25,0.0,0.0,0.0,0.0
4144.282,M-detector,0,1,25,0.0,0.0,0.0,0.0
4144.382,M-detector,0,2,25,0.0,0.0,0.0,0.0
4144.482,M-detector,0,2,25,0.0,0.0,0.0,0.0
4144.582,M-detector,0,0,25,0.0,0.0,0.0,0.0
4144.682,M-detector,0,2,25,0.0,0.0,0.0,0.0
4144.782,M-detector,0,2,25,0.0,0.0,0.0,0.0
4144.882,M-detector,0,2,25,0.0,0.0,0.0,0.0
4144.982,M-detector,0,2,25,0.0,0.0,0.0,0.0
4145.082,M-detector,0,2,25,0.0,0.0,0.0,0.0
4145.182,M-detector,0,3,25,0.0,0.0,0.0,0.0
4145.282,M-detector,0,4,25,0.0,0.0,0.0,0.0
4145.382,M-detector,0,2,25,0.0,0.0,0.0,0.0
4145.482,M-detector,0,2,25,0.0,0.0,0.0,0.0
4145.582,M-detector,0,3,25,0.0,0.0,0.0,0.0
4145.682,M-detector,1,1,24,0.04,0.5,0.07407407407407407,0.654699618254664
4145.782,M-detector,1,1,24,0.04,0.5,0.07407407407407407,0.4767929446515838
4145.882,M-detector,1,0,24,0.04,1.0,0.07692307692307693,0.5012743829062527
4145.982,M-detector,1,1,24,0.04,0.5,0.07407407407407407,0.43057584515319375
4146.082,M-detector,2,1,23,0.08,0.6666666666666666,0.14285714285714285,0.5515222301592668
4146.182,M-detector,1,1,24,0.04,0.5,0.07407407407407407,0.4316802822863101
4146.282,M-detector,0,1,25,0.0,0.0,0.0,0.0
4146.382,M-detector,0,2,25,0.0,0.0,0.0,0.0
4146.482,M-detector,1,2,24,0.04,0.3333333333333333,0.07142857142857142,0.5476988122006669
4146.582,M-detector,1,1,24,0.04,0.5,0.07407407407407407,0.5055451396242272
4146.682,M-detector,0,1,25,0.0,0.0,0.0,0.0
4146.782,M-detector,1,2,24,0.04,0.3333333333333333,0.07142857142857142,0.5585887955453829
4146.882,M-detector,1,3,24,0.04,0.25,0.06896551724137932,0.5035660342129943
4146.982,M-detector,1,2,24,0.04,0.3333333333333333,0.07142857142857142,0.5975055217053216
4147.082,M-detector,0,1,25,0.0,0.0,0.0,0.0
4147.182,M-detector,1,1,24,0.04,0.5,0.07407407407407407,0.5624451157270952
4147.282,M-detector,2,2,23,0.08,0.5,0.13793103448275865,0.4729395223303814
4147.382,M-detector,1,2,24,0.04,0.3333333333333333,0.07142857142857142,0.558581548933717
4147.482,M-detector,0,3,25,0.0,0.0,0.0,0.0
4147.582,M-detector,1,2,24,0.04,0.3333333333333333,0.07142857142857142,0.5363309949745955
4147.682,M-detector,1,2,24,0.04,0.3333333333333333,0.07142857142857142,0.50732579701416
4147.782,M-detector,1,1,24,0.04,0.5,0.07407407407407407,0.5204192786520434
4147.882,M-detector,0,3,25,0.0,0.0,0.0,0.0
4147.982,M-detector,0,2,25,0.0,0.0,0.0,0.0
4148.082,M-detector,0,2,25,0.0,0.0,0.0,0.0
4148.182,M-detector,0,3,25,0.0,0.0,0.0,0.0
4148.282,M-detector,0,2,25,0.0,0.0,0.0,0.0
4148.382,M-detector,0,2,25,0.0,0.0,0.0,0.0
4148.482,M-detector,0,1,25,0.0,0.0,0.0,0.0
4148.582,M-detector,0,2,25,0.0,0.0,0.0,0.0
4148.682,M-detector,0,2,25,0.0,0.0,0.0,0.0
4148.782,M-detector,0,2,25,0.0,0.0,0.0,0.0
4148.882,M-detector,0,3,25,0.0,0.0,0.0,0.0
4148.982,M-detector,0,2,25,0.0,0.0,0.0,0.0
4149.082,M-detector,0,2,25,0.0,0.0,0.0,0.0
4149.182,M-detector,1,1,24,0.04,0.5,0.07407407407407407,0.5075989257289408
4149.282,M-detector,1,0,24,0.04,1.0,0.07692307692307693,0.43414864527108626
4149.382,M-detector,0,0,25,0.0,0.0,0.0,0.0
4149.482,M-detector,0,1,25,0.0,0.0,0.0,0.0
4149.582,M-detector,1,0,24,0.04,1.0,0.07692307692307693,0.6209083892599389
4149.682,M-detector,1,0,24,0.04,1.0,0.07692307692307693,0.5986980660880139
4149.782,M-detector,1,1,24,0.04,0.5,0.07407407407407407,0.5404867219423933
4149.882,M-detector,1,0,24,0.04,1.0,0.07692307692307693,0.5464808123545517
4149.982,M-detector,1,0,24,0.04,1.0,0.07692307692307693,0.5746341774882849
4150.082,M-detector,2,1,23,0.08,0.6666666666666666,0.14285714285714285,0.514047634609116
4150.182,M-detector,2,0,23,0.08,1.0,0.14814814814814814,0.4071736956296371
4150.282,M-detector,0,1,25,0.0,0.0,0.0,0.0
4150.382,M-detector,0,4,25,0.0,0.0,0.0,0.0
4150.482,M-detector,1,3,24,0.04,0.25,0.06896551724137932,0.4656182153484853
4150.582,M-detector,0,0,25,0.0,0.0,0.0,0.0
4150.682,M-detector,0,1,25,0.0,0.0,0.0,0.0
4150.782,M-detector,0,1,25,0.0,0.0,0.0,0.0
4150.882,M-detector,0,2,25,0.0,0.0,0.0,0.0
4150.982,M-detector,0,1,25,0.0,0.0,0.0,0.0
4151.082,M-detector,0,2,25,0.0,0.0,0.0,0.0
4151.182,M-detector,0,3,25,0.0,0.0,0.0,0.0
4151.282,M-detector,0,3,25,0.0,0.0,0.0,0.0
4151.382,M-detector,0,1,25,0.0,0.0,0.0,0.0
4151.482,M-detector,0,1,25,0.0,0.0,0.0,0.0
4151.582,M-detector,0,3,25,0.0,0.0,0.0,0.0
4151.682,M-detector,0,2,25,0.0,0.0,0.0,0.0
4151.782,M-detector,0,2,25,0.0,0.0,0.0,0.0
4151.882,M-detector,0,1,25,0.0,0.0,0.0,0.0
4151.982,M-detector,0,1,25,0.0,0.0,0.0,0.0
4152.082,M-detector,0,1,25,0.0,0.0,0.0,0.0
4152.182,M-detector,0,1,25,0.0,0.0,0.0,0.0
4152.282,M-detector,0,1,25,0.0,0.0,0.0,0.0
4152.382,M-detector,0,0,25,0.0,0.0,0.0,0.0
4152.482,M-detector,0,0,25,0.0,0.0,0.0,0.0
4152.582,M-detector,0,0,25,0.0,0.0,0.0,0.0
4152.682,M-detector,0,1,25,0.0,0.0,0.0,0.0
4152.782,M-detector,0,1,25,0.0,0.0,0.0,0.0
4152.882,M-detector,0,1,25,0.0,0.0,0.0,0.0
4152.982,M-detector,0,1,25,0.0,0.0,0.0,0.0
4153.082,M-detector,0,1,25,0.0,0.0,0.0,0.0
4153.182,M-detector,0,1,25,0.0,0.0,0.0,0.0
4153.282,M-detector,0,1,25,0.0,0.0,0.0,0.0
4153.382,M-detector,0,1,25,0.0,0.0,0.0,0.0
4153.482,M-detector,1,1,24,0.04,0.5,0.07407407407407407,0.37051882143202164
4153.582,M-detector,1,0,24,0.04,1.0,0.07692307692307693,0.41359669356082995
4153.682,M-detector,0,0,25,0.0,0.0,0.0,0.0
4153.782,M-detector,0,0,25,0.0,0.0,0.0,0.0
4153.882,M-detector,0,1,25,0.0,0.0,0.0,0.0
4153.982,M-detector,0,1,25,0.0,0.0,0.0,0.0
4154.082,M-detector,0,1,25,0.0,0.0,0.0,0.0
4154.182,M-detector,0,0,25,0.0,0.0,0.0,0.0
4154.282,M-detector,0,0,25,0.0,0.0,0.0,0.0
4154.382,M-detector,0,1,25,0.0,0.0,0.0,0.0
4154.482,M-detector,0,2,25,0.0,0.0,0.0,0.0
4154.582,M-detector,0,1,25,0.0,0.0,0.0,0.0
4154.682,M-detector,0,1,25,0.0,0.0,0.0,0.0
4154.782,M-detector,0,2,25,0.0,0.0,0.0,0.0
4154.882,M-detector,0,1,25,0.0,0.0,0.0,0.0
4154.982,M-detector,0,1,25,0.0,0.0,0.0,0.0
4155.082,M-detector,0,1,25,0.0,0.0,0.0,0.0
4155.182,M-detector,0,2,25,0.0,0.0,0.0,0.0
4155.282,M-detector,0,1,25,0.0,0.0,0.0,0.0
4155.382,M-detector,0,2,25,0.0,0.0,0.0,0.0
4155.482,M-detector,0,2,25,0.0,0.0,0.0,0.0
4155.582,M-detector,0,1,25,0.0,0.0,0.0,0.0
4155.682,M-detector,0,1,25,0.0,0.0,0.0,0.0
4155.782,M-detector,0,1,25,0.0,0.0,0.0,0.0
4155.882,M-detector,0,1,25,0.0,0.0,0.0,0.0
4155.982,M-detector,0,1,25,0.0,0.0,0.0,0.0
4156.082,M-detector,0,1,25,0.0,0.0,0.0,0.0
4156.182,M-detector,0,1,25,0.0,0.0,0.0,0.0
4156.282,M-detector,0,1,25,0.0,0.0,0.0,0.0
4156.382,M-detector,0,1,25,0.0,0.0,0.0,0.0
4156.482,M-detector,0,2,25,0.0,0.0,0.0,0.0
4156.582,M-detector,0,1,25,0.0,0.0,0.0,0.0
4156.682,M-detector,0,1,25,0.0,0.0,0.0,0.0
4156.782,M-detector,0,1,25,0.0,0.0,0.0,0.0
4156.882,M-detector,0,2,25,0.0,0.0,0.0,0.0
4156.982,M-detector,1,2,24,0.04,0.3333333333333333,0.07142857142857142,0.507006114150252
4157.082,M-detector,1,2,24,0.04,0.3333333333333333,0.07142857142857142,0.5394920671162066
4157.182,M-detector,0,4,25,0.0,0.0,0.0,0.0
4157.282,M-detector,0,4,25,0.0,0.0,0.0,0.0
4157.382,M-detector,0,3,25,0.0,0.0,0.0,0.0
4157.482,M-detector,1,3,24,0.04,0.25,0.06896551724137932,0.49167630796489953
4157.582,M-detector,1,1,24,0.04,0.5,0.07407407407407407,0.46856607825648006
4157.682,M-detector,0,4,25,0.0,0.0,0.0,0.0
4157.782,M-detector,0,3,25,0.0,0.0,0.0,0.0
4157.882,M-detector,1,3,24,0.04,0.25,0.06896551724137932,0.5793614749730215
4157.982,M-detector,1,2,24,0.04,0.3333333333333333,0.07142857142857142,0.45647405561124066
4158.082,M-detector,0,2,25,0.0,0.0,0.0,0.0
4158.182,M-detector,0,1,25,0.0,0.0,0.0,0.0
4158.282,M-detector,0,3,25,0.0,0.0,0.0,0.0
4158.382,M-detector,0,2,25,0.0,0.0,0.0,0.0
4158.482,M-detector,0,4,25,0.0,0.0,0.0,0.0
4158.582,M-detector,0,1,25,0.0,0.0,0.0,0.0
4158.682,M-detector,0,1,25,0.0,0.0,0.0,0.0
4158.782,M-detector,0,3,25,0.0,0.0,0.0,0.0
4158.882,M-detector,0,3,25,0.0,0.0,0.0,0.0
4158.982,M-detector,0,4,25,0.0,0.0,0.0,0.0
4159.082,M-detector,0,1,25,0.0,0.0,0.0,0.0
4159.182,M-detector,0,1,25,0.0,0.0,0.0,0.0
4159.282,M-detector,0,2,25,0.0,0.0,0.0,0.0
4159.382,M-detector,0,2,25,0.0,0.0,0.0,0.0
4159.482,M-detector,0,1,25,0.0,0.0,0.0,0.0
4159.582,M-detector,0,1,25,0.0,0.0,0.0,0.0
4159.682,M-detector,1,0,24,0.04,1.0,0.07692307692307693,0.4842807390198073
4159.782,M-detector,0,1,25,0.0,0.0,0.0,0.0
4159.882,M-detector,0,1,25,0.0,0.0,0.0,0.0
4159.982,M-detector,0,0,25,0.0,0.0,0.0,0.0
4160.082,M-detector,0,0,25,0.0,0.0,0.0,0.0
4160.182,M-detector,0,0,25,0.0,0.0,0.0,0.0
4160.282,M-detector,0,0,25,0.0,0.0,0.0,0.0
4160.382,M-detector,0,0,25,0.0,0.0,0.0,0.0
4160.482,M-detector,0,2,25,0.0,0.0,0.0,0.0
4160.582,M-detector,0,1,25,0.0,0.0,0.0,0.0
4160.682,M-detector,0,0,25,0.0,0.0,0.0,0.0
4160.782,M-detector,0,0,25,0.0,0.0,0.0,0.0
4160.882,M-detector,0,1,25,0.0,0.0,0.0,0.0
4160.982,M-detector,0,1,25,0.0,0.0,0.0,0.0
4161.082,M-detector,0,0,25,0.0,0.0,0.0,0.0
4161.182,M-detector,0,1,25,0.0,0.0,0.0,0.0
4161.282,M-detector,0,1,25,0.0,0.0,0.0,0.0
4161.382,M-detector,0,0,25,0.0,0.0,0.0,0.0
4161.482,M-detector,0,0,25,0.0,0.0,0.0,0.0
4161.582,M-detector,0,0,25,0.0,0.0,0.0,0.0
4161.682,M-detector,0,0,25,0.0,0.0,0.0,0.0
4161.782,M-detector,0,0,25,0.0,0.0,0.0,0.0
4161.882,M-detector,0,0,25,0.0,0.0,0.0,0.0
4161.982,M-detector,0,0,25,0.0,0.0,0.0,0.0
4162.082,M-detector,0,0,25,0.0,0.0,0.0,0.0
4162.182,M-detector,0,0,25,0.0,0.0,0.0,0.0
4162.284,M-detector,0,1,25,0.0,0.0,0.0,0.0
4162.382,M-detector,0,1,25,0.0,0.0,0.0,0.0
4162.482,M-detector,0,2,25,0.0,0.0,0.0,0.0
4162.582,M-detector,0,2,25,0.0,0.0,0.0,0.0
4162.682,M-detector,0,1,25,0.0,0.0,0.0,0.0
4162.782,M-detector,0,2,25,0.0,0.0,0.0,0.0
4162.882,M-detector,0,2,25,0.0,0.0,0.0,0.0
4162.982,M-detector,0,2,25,0.0,0.0,0.0,0.0
4163.082,M-detector,0,2,25,0.0,0.0,0.0,0.0
4163.182,M-detector,0,2,25,0.0,0.0,0.0,0.0
4163.282,M-detector,0,2,25,0.0,0.0,0.0,0.0
4163.383,M-detector,0,2,25,0.0,0.0,0.0,0.0
4163.482,M-detector,0,2,25,0.0,0.0,0.0,0.0
4163.582,M-detector,0,2,25,0.0,0.0,0.0,0.0
4163.682,M-detector,2,1,23,0.08,0.6666666666666666,0.14285714285714285,0.45382422216258733
4163.782,M-detector,0,2,25,0.0,0.0,0.0,0.0
4163.882,M-detector,0,3,25,0.0,0.0,0.0,0.0
4163.982,M-detector,0,4,25,0.0,0.0,0.0,0.0
4164.082,M-detector,0,3,25,0.0,0.0,0.0,0.0
4164.182,M-detector,0,3,25,0.0,0.0,0.0,0.0
4164.282,M-detector,0,3,25,0.0,0.0,0.0,0.0
4164.382,M-detector,0,3,25,0.0,0.0,0.0,0.0
4164.482,M-detector,0,2,25,0.0,0.0,0.0,0.0
4164.582,M-detector,0,2,25,0.0,0.0,0.0,0.0
4164.682,M-detector,0,4,25,0.0,0.0,0.0,0.0
4164.782,M-detector,0,5,25,0.0,0.0,0.0,0.0
4164.882,M-detector,0,3,25,0.0,0.0,0.0,0.0
4164.982,M-detector,0,4,25,0.0,0.0,0.0,0.0
4165.082,M-detector,0,3,25,0.0,0.0,0.0,0.0
4165.182,M-detector,0,4,25,0.0,0.0,0.0,0.0
4165.282,M-detector,0,3,25,0.0,0.0,0.0,0.0
4165.382,M-detector,0,4,25,0.0,0.0,0.0,0.0
4165.482,M-detector,1,3,24,0.04,0.25,0.06896551724137932,0.6956276132788649
4165.582,M-detector,0,3,25,0.0,0.0,0.0,0.0
4165.682,M-detector,1,1,24,0.04,0.5,0.07407407407407407,0.6355765624181202
4165.782,M-detector,1,1,24,0.04,0.5,0.07407407407407407,0.46997680031925454
4165.882,M-detector,0,3,25,0.0,0.0,0.0,0.0
4165.982,M-detector,0,4,25,0.0,0.0,0.0,0.0
4166.083,M-detector,0,2,25,0.0,0.0,0.0,0.0
4166.182,M-detector,1,0,24,0.04,1.0,0.07692307692307693,0.4216474134105948
4166.282,M-detector,0,2,25,0.0,0.0,0.0,0.0
4166.382,M-detector,1,1,24,0.04,0.5,0.07407407407407407,0.4630043246651703
4166.482,M-detector,2,0,23,0.08,1.0,0.14814814814814814,0.46701884899227203
4166.582,M-detector,1,0,24,0.04,1.0,0.07692307692307693,0.5001803952642669
4166.682,M-detector,0,1,25,0.0,0.0,0.0,0.0
4166.782,M-detector,0,2,25,0.0,0.0,0.0,0.0
4166.882,M-detector,1,1,24,0.04,0.5,0.07407407407407407,0.49488767327266026
4166.982,M-detector,0,1,25,0.0,0.0,0.0,0.0
4167.082,M-detector,0,1,25,0.0,0.0,0.0,0.0
4167.182,M-detector,1,2,24,0.04,0.3333333333333333,0.07142857142857142,0.5582230598481237
4167.282,M-detector,1,1,24,0.04,0.5,0.07407407407407407,0.4937634117943565
4167.382,M-detector,1,0,24,0.04,1.0,0.07692307692307693,0.557079860196375
4167.482,M-detector,0,0,25,0.0,0.0,0.0,0.0
4167.582,M-detector,1,1,24,0.04,0.5,0.07407407407407407,0.5462461511668373
4167.682,M-detector,0,3,25,0.0,0.0,0.0,0.0
4167.782,M-detector,0,1,25,0.0,0.0,0.0,0.0
4167.882,M-detector,0,0,25,0.0,0.0,0.0,0.0
4167.982,M-detector,1,1,24,0.04,0.5,0.07407407407407407,0.4574343097479444
4168.082,M-detector,0,0,25,0.0,0.0,0.0,0.0
4168.182,M-detector,0,1,25,0.0,0.0,0.0,0.0
4168.282,M-detector,0,0,25,0.0,0.0,0.0,0.0
4168.382,M-detector,0,0,25,0.0,0.0,0.0,0.0
4168.482,M-detector,0,0,25,0.0,0.0,0.0,0.0
4168.582,M-detector,0,0,25,0.0,0.0,0.0,0.0
4168.682,M-detector,0,0,25,0.0,0.0,0.0,0.0
4168.782,M-detector,0,0,25,0.0,0.0,0.0,0.0
4168.882,M-detector,0,0,25,0.0,0.0,0.0,0.0
4168.982,M-detector,0,0,25,0.0,0.0,0.0,0.0
4169.082,M-detector,0,0,25,0.0,0.0,0.0,0.0
4169.182,M-detector,0,0,25,0.0,0.0,0.0,0.0
4169.282,M-detector,0,0,25,0.0,0.0,0.0,0.0
4169.382,M-detector,0,0,25,0.0,0.0,0.0,0.0
4169.482,M-detector,0,1,25,0.0,0.0,0.0,0.0
4169.582,M-detector,0,0,25,0.0,0.0,0.0,0.0
4169.682,M-detector,0,0,25,0.0,0.0,0.0,0.0
4169.782,M-detector,0,0,25,0.0,0.0,0.0,0.0
4169.882,M-detector,0,1,25,0.0,0.0,0.0,0.0
4169.982,M-detector,1,0,24,0.04,1.0,0.07692307692307693,0.5003108201559305
4170.082,M-detector,0,0,25,0.0,0.0,0.0,0.0
4170.182,M-detector,1,1,24,0.04,0.5,0.07407407407407407,0.486345352428298
4170.282,M-detector,2,0,23,0.08,1.0,0.14814814814814814,0.5078088513371858
4170.382,M-detector,1,2,24,0.04,0.3333333333333333,0.07142857142857142,0.46612806834010523
4170.482,M-detector,1,2,24,0.04,0.3333333333333333,0.07142857142857142,0.4685642042084054
4170.582,M-detector,0,1,25,0.0,0.0,0.0,0.0
4170.682,M-detector,0,4,25,0.0,0.0,0.0,0.0
4170.782,M-detector,0,3,25,0.0,0.0,0.0,0.0
4170.882,M-detector,0,2,25,0.0,0.0,0.0,0.0
4170.982,M-detector,0,2,25,0.0,0.0,0.0,0.0
4171.082,M-detector,0,2,25,0.0,0.0,0.0,0.0
4171.182,M-detector,0,2,25,0.0,0.0,0.0,0.0
4171.282,M-detector,0,3,25,0.0,0.0,0.0,0.0
4171.382,M-detector,0,3,25,0.0,0.0,0.0,0.0
4171.482,M-detector,0,3,25,0.0,0.0,0.0,0.0
4171.582,M-detector,0,3,25,0.0,0.0,0.0,0.0
4171.684,M-detector,1,2,24,0.04,0.3333333333333333,0.07142857142857142,0.47918497749925315
4171.782,M-detector,0,4,25,0.0,0.0,0.0,0.0
4171.882,M-detector,0,4,25,0.0,0.0,0.0,0.0
4171.982,M-detector,0,3,25,0.0,0.0,0.0,0.0
4172.082,M-detector,1,2,24,0.04,0.3333333333333333,0.07142857142857142,0.41642351145556245
4172.182,M-detector,0,2,25,0.0,0.0,0.0,0.0
4172.282,M-detector,0,2,25,0.0,0.0,0.0,0.0
4172.382,M-detector,0,1,25,0.0,0.0,0.0,0.0
4172.482,M-detector,0,1,25,0.0,0.0,0.0,0.0
4172.582,M-detector,0,1,25,0.0,0.0,0.0,0.0
4172.682,M-detector,0,2,25,0.0,0.0,0.0,0.0
4172.782,M-detector,0,3,25,0.0,0.0,0.0,0.0
4172.882,M-detector,0,4,25,0.0,0.0,0.0,0.0
4172.982,M-detector,0,3,25,0.0,0.0,0.0,0.0
4173.082,M-detector,0,2,25,0.0,0.0,0.0,0.0
4173.182,M-detector,1,3,24,0.04,0.25,0.06896551724137932,0.43962801237306387
4173.282,M-detector,0,2,25,0.0,0.0,0.0,0.0
4173.382,M-detector,1,3,24,0.04,0.25,0.06896551724137932,0.5145885650662532
4173.482,M-detector,0,4,25,0.0,0.0,0.0,0.0
4173.582,M-detector,1,0,24,0.04,1.0,0.07692307692307693,0.3958609982553492
4173.682,M-detector,0,4,25,0.0,0.0,0.0,0.0
4173.782,M-detector,0,2,25,0.0,0.0,0.0,0.0
4173.882,M-detector,0,2,25,0.0,0.0,0.0,0.0
4173.982,M-detector,0,2,25,0.0,0.0,0.0,0.0
4174.082,M-detector,0,2,25,0.0,0.0,0.0,0.0
4174.182,M-detector,0,2,25,0.0,0.0,0.0,0.0
4174.282,M-detector,1,1,24,0.04,0.5,0.07407407407407407,0.46900144342265765
4174.382,M-detector,0,0,25,0.0,0.0,0.0,0.0
4174.482,M-detector,0,3,25,0.0,0.0,0.0,0.0
4174.582,M-detector,0,2,25,0.0,0.0,0.0,0.0
4174.682,M-detector,1,1,24,0.04,0.5,0.07407407407407407,0.4537259284269879
4174.782,M-detector,0,2,25,0.0,0.0,0.0,0.0
4174.882,M-detector,0,3,25,0.0,0.0,0.0,0.0
4174.982,M-detector,0,4,25,0.0,0.0,0.0,0.0
4175.082,M-detector,0,1,25,0.0,0.0,0.0,0.0
4175.182,M-detector,0,1,25,0.0,0.0,0.0,0.0
4175.282,M-detector,0,2,25,0.0,0.0,0.0,0.0
4175.382,M-detector,0,2,25,0.0,0.0,0.0,0.0
4175.482,M-detector,0,1,25,0.0,0.0,0.0,0.0
4175.582,M-detector,0,0,25,0.0,0.0,0.0,0.0
4175.682,M-detector,0,1,25,0.0,0.0,0.0,0.0
4175.782,M-detector,0,0,25,0.0,0.0,0.0,0.0
4175.882,M-detector,0,0,25,0.0,0.0,0.0,0.0
4175.982,M-detector,0,0,25,0.0,0.0,0.0,0.0
4176.082,M-detector,0,0,25,0.0,0.0,0.0,0.0
4176.182,M-detector,0,0,25,0.0,0.0,0.0,0.0
4176.282,M-detector,0,0,25,0.0,0.0,0.0,0.0
4176.382,M-detector,0,1,25,0.0,0.0,0.0,0.0
4176.482,M-detector,0,1,25,0.0,0.0,0.0,0.0
4176.582,M-detector,0,0,25,0.0,0.0,0.0,0.0
4176.682,M-detector,0,0,25,0.0,0.0,0.0,0.0
4176.782,M-detector,0,1,25,0.0,0.0,0.0,0.0
4176.882,M-detector,0,2,25,0.0,0.0,0.0,0.0
4176.982,M-detector,0,0,25,0.0,0.0,0.0,0.0
4177.082,M-detector,0,1,25,0.0,0.0,0.0,0.0
4177.182,M-detector,0,1,25,0.0,0.0,0.0,0.0
4177.282,M-detector,1,0,24,0.04,1.0,0.07692307692307693,0.5096550744176995
4177.382,M-detector,0,1,25,0.0,0.0,0.0,0.0
4177.482,M-detector,0,1,25,0.0,0.0,0.0,0.0
4177.582,M-detector,0,1,25,0.0,0.0,0.0,0.0
4177.682,M-detector,1,1,24,0.04,0.5,0.07407407407407407,0.4046872315142014
4177.782,M-detector,0,1,25,0.0,0.0,0.0,0.0
4177.882,M-detector,1,1,24,0.04,0.5,0.07407407407407407,0.4303768031840587
4177.982,M-detector,0,2,25,0.0,0.0,0.0,0.0
4178.082,M-detector,0,2,25,0.0,0.0,0.0,0.0
4178.182,M-detector,0,2,25,0.0,0.0,0.0,0.0
4178.282,M-detector,0,2,25,0.0,0.0,0.0,0.0
4178.382,M-detector,0,3,25,0.0,0.0,0.0,0.0
4178.482,M-detector,0,2,25,0.0,0.0,0.0,0.0
4178.582,M-detector,0,3,25,0.0,0.0,0.0,0.0
4178.682,M-detector,0,2,25,0.0,0.0,0.0,0.0
4178.782,M-detector,0,3,25,0.0,0.0,0.0,0.0
4178.882,M-detector,0,4,25,0.0,0.0,0.0,0.0
4178.982,M-detector,0,4,25,0.0,0.0,0.0,0.0
4179.082,M-detector,0,2,25,0.0,0.0,0.0,0.0
4179.182,M-detector,0,4,25,0.0,0.0,0.0,0.0
4179.282,M-detector,0,4,25,0.0,0.0,0.0,0.0
4179.382,M-detector,0,4,25,0.0,0.0,0.0,0.0
4179.482,M-detector,0,4,25,0.0,0.0,0.0,0.0
4179.582,M-detector,0,3,25,0.0,0.0,0.0,0.0
4179.683,M-detector,0,4,25,0.0,0.0,0.0,0.0
4179.782,M-detector,1,2,24,0.04,0.3333333333333333,0.07142857142857142,0.3887149225393817
4179.882,M-detector,0,1,25,0.0,0.0,0.0,0.0
4179.982,M-detector,0,2,25,0.0,0.0,0.0,0.0
4180.082,M-detector,0,2,25,0.0,0.0,0.0,0.0
4180.182,M-detector,0,2,25,0.0,0.0,0.0,0.0
4180.282,M-detector,0,2,25,0.0,0.0,0.0,0.0
4180.382,M-detector,0,3,25,0.0,0.0,0.0,0.0
4180.482,M-detector,0,1,25,0.0,0.0,0.0,0.0
4180.582,M-detector,0,1,25,0.0,0.0,0.0,0.0
4180.682,M-detector,0,3,25,0.0,0.0,0.0,0.0
4180.784,M-detector,0,3,25,0.0,0.0,0.0,0.0
4180.882,M-detector,0,2,25,0.0,0.0,0.0,0.0
4180.982,M-detector,0,0,25,0.0,0.0,0.0,0.0
4181.082,M-detector,0,1,25,0.0,0.0,0.0,0.0
4181.182,M-detector,0,1,25,0.0,0.0,0.0,0.0
4181.282,M-detector,0,0,25,0.0,0.0,0.0,0.0
4181.382,M-detector,0,1,25,0.0,0.0,0.0,0.0
4181.482,M-detector,0,1,25,0.0,0.0,0.0,0.0
4181.582,M-detector,0,1,25,0.0,0.0,0.0,0.0
4181.682,M-detector,0,0,25,0.0,0.0,0.0,0.0
4181.782,M-detector,0,1,25,0.0,0.0,0.0,0.0
4181.882,M-detector,1,0,24,0.04,1.0,0.07692307692307693,0.4656085409589469
4181.982,M-detector,0,1,25,0.0,0.0,0.0,0.0
4182.082,M-detector,0,1,25,0.0,0.0,0.0,0.0
4182.182,M-detector,0,1,25,0.0,0.0,0.0,0.0
4182.282,M-detector,0,1,25,0.0,0.0,0.0,0.0
4182.382,M-detector,0,1,25,0.0,0.0,0.0,0.0
4182.482,M-detector,0,1,25,0.0,0.0,0.0,0.0
4182.584,M-detector,0,1,25,0.0,0.0,0.0,0.0
4182.682,M-detector,0,1,25,0.0,0.0,0.0,0.0
4182.782,M-detector,0,1,25,0.0,0.0,0.0,0.0
4182.882,M-detector,0,1,25,0.0,0.0,0.0,0.0
4182.984,M-detector,0,1,25,0.0,0.0,0.0,0.0
4183.082,M-detector,0,1,25,0.0,0.0,0.0,0.0
4183.182,M-detector,0,1,25,0.0,0.0,0.0,0.0
4183.282,M-detector,0,1,25,0.0,0.0,0.0,0.0
4183.382,M-detector,0,1,25,0.0,0.0,0.0,0.0
4183.482,M-detector,0,1,25,0.0,0.0,0.0,0.0
4183.582,M-detector,0,1,25,0.0,0.0,0.0,0.0
4183.682,M-detector,0,0,25,0.0,0.0,0.0,0.0
4183.782,M-detector,0,1,25,0.0,0.0,0.0,0.0
4183.882,M-detector,0,1,25,0.0,0.0,0.0,0.0
4183.982,M-detector,0,2,25,0.0,0.0,0.0,0.0
4184.082,M-detector,0,1,25,0.0,0.0,0.0,0.0
4184.182,M-detector,0,2,25,0.0,0.0,0.0,0.0
4184.282,M-detector,0,2,25,0.0,0.0,0.0,0.0
4184.382,M-detector,0,1,25,0.0,0.0,0.0,0.0
4184.482,M-detector,0,1,25,0.0,0.0,0.0,0.0
4184.582,M-detector,0,1,25,0.0,0.0,0.0,0.0
4184.682,M-detector,0,5,25,0.0,0.0,0.0,0.0
4184.782,M-detector,0,3,25,0.0,0.0,0.0,0.0
4184.882,M-detector,1,3,24,0.04,0.25,0.06896551724137932,0.5655570432502917
4184.982,M-detector,0,4,25,0.0,0.0,0.0,0.0
4185.082,M-detector,0,3,25,0.0,0.0,0.0,0.0
4185.182,M-detector,0,3,25,0.0,0.0,0.0,0.0
4185.282,M-detector,1,2,24,0.04,0.3333333333333333,0.07142857142857142,0.5674647345483501
4185.382,M-detector,0,3,25,0.0,0.0,0.0,0.0
4185.482,M-detector,1,1,24,0.04,0.5,0.07407407407407407,0.44952570226178684
4185.582,M-detector,0,1,25,0.0,0.0,0.0,0.0
4185.682,M-detector,1,1,24,0.04,0.5,0.07407407407407407,0.5606122756484032
4185.782,M-detector,0,2,25,0.0,0.0,0.0,0.0
4185.882,M-detector,1,2,24,0.04,0.3333333333333333,0.07142857142857142,0.4124886256194634
4185.982,M-detector,1,2,24,0.04,0.3333333333333333,0.07142857142857142,0.5748468697081566
4186.082,M-detector,1,2,24,0.04,0.3333333333333333,0.07142857142857142,0.5556543503639731
4186.182,M-detector,1,0,24,0.04,1.0,0.07692307692307693,0.4208925902376669
4186.282,M-detector,1,1,24,0.04,0.5,0.07407407407407407,0.4850532597258927
4186.382,M-detector,1,4,24,0.04,0.2,0.06666666666666667,0.5459879187969543
4186.482,M-detector,1,4,24,0.04,0.2,0.06666666666666667,0.5242981840871647
4186.582,M-detector,1,2,24,0.04,0.3333333333333333,0.07142857142857142,0.5085907806800193
4186.682,M-detector,0,1,25,0.0,0.0,0.0,0.0
4186.782,M-detector,1,3,24,0.04,0.25,0.06896551724137932,0.5576117455029396
4186.882,M-detector,1,4,24,0.04,0.2,0.06666666666666667,0.5027805514737835
4186.982,M-detector,1,3,24,0.04,0.25,0.06896551724137932,0.4613581567238574
4187.082,M-detector,0,2,25,0.0,0.0,0.0,0.0
4187.184,M-detector,1,2,24,0.04,0.3333333333333333,0.07142857142857142,0.5545968515163714
4187.282,M-detector,1,3,24,0.04,0.25,0.06896551724137932,0.47347737938008383
4187.382,M-detector,1,1,24,0.04,0.5,0.07407407407407407,0.5514274917987069
4187.482,M-detector,1,1,24,0.04,0.5,0.07407407407407407,0.5298159772299821
4187.582,M-detector,1,2,24,0.04,0.3333333333333333,0.07142857142857142,0.5332707621002438
4187.682,M-detector,2,1,23,0.08,0.6666666666666666,0.14285714285714285,0.45441541308827704
4187.782,M-detector,0,2,25,0.0,0.0,0.0,0.0
4187.882,M-detector,0,2,25,0.0,0.0,0.0,0.0
4187.982,M-detector,0,2,25,0.0,0.0,0.0,0.0
4188.082,M-detector,0,2,25,0.0,0.0,0.0,0.0
4188.182,M-detector,0,3,25,0.0,0.0,0.0,0.0
4188.282,M-detector,0,2,25,0.0,0.0,0.0,0.0
4188.382,M-detector,0,2,25,0.0,0.0,0.0,0.0
4188.482,M-detector,0,2,25,0.0,0.0,0.0,0.0
4188.582,M-detector,1,1,24,0.04,0.5,0.07407407407407407,0.5197359939326923
4188.682,M-detector,0,3,25,0.0,0.0,0.0,0.0
4188.782,M-detector,0,3,25,0.0,0.0,0.0,0.0
4188.882,M-detector,0,2,25,0.0,0.0,0.0,0.0
4188.982,M-detector,1,1,24,0.04,0.5,0.07407407407407407,0.5053414454513548
4189.082,M-detector,1,1,24,0.04,0.5,0.07407407407407407,0.5533360699683716
4189.182,M-detector,1,0,24,0.04,1.0,0.07692307692307693,0.5086230646458676
4189.282,M-detector,1,1,24,0.04,0.5,0.07407407407407407,0.41592990393860874
4189.382,M-detector,1,1,24,0.04,0.5,0.07407407407407407,0.5726466209345566
4189.482,M-detector,1,1,24,0.04,0.5,0.07407407407407407,0.5661746125265675
4189.582,M-detector,0,1,25,0.0,0.0,0.0,0.0
4189.682,M-detector,1,0,24,0.04,1.0,0.07692307692307693,0.5917184759454639
4189.782,M-detector,1,1,24,0.04,0.5,0.07407407407407407,0.5244843660016388
4189.882,M-detector,0,2,25,0.0,0.0,0.0,0.0
4189.982,M-detector,1,0,24,0.04,1.0,0.07692307692307693,0.5502650581736511
4190.082,M-detector,1,0,24,0.04,1.0,0.07692307692307693,0.5179280020935568
4190.182,M-detector,1,1,24,0.04,0.5,0.07407407407407407,0.45289293942380704
4190.282,M-detector,0,1,25,0.0,0.0,0.0,0.0
4190.382,M-detector,0,1,25,0.0,0.0,0.0,0.0
4190.482,M-detector,1,1,24,0.04,0.5,0.07407407407407407,0.47140852186850707
4190.582,M-detector,0,1,25,0.0,0.0,0.0,0.0
4190.682,M-detector,0,2,25,0.0,0.0,0.0,0.0
4190.782,M-detector,0,1,25,0.0,0.0,0.0,0.0
4190.882,M-detector,1,1,24,0.04,0.5,0.07407407407407407,0.4491251081697509
4190.982,M-detector,1,2,24,0.04,0.3333333333333333,0.07142857142857142,0.3982938134739046
4191.082,M-detector,0,3,25,0.0,0.0,0.0,0.0
4191.182,M-detector,0,3,25,0.0,0.0,0.0,0.0
4191.282,M-detector,0,3,25,0.0,0.0,0.0,0.0
4191.382,M-detector,1,4,24,0.04,0.2,0.06666666666666667,0.4523869223566661
4191.482,M-detector,0,3,25,0.0,0.0,0.0,0.0
4191.582,M-detector,0,2,25,0.0,0.0,0.0,0.0
4191.682,M-detector,0,2,25,0.0,0.0,0.0,0.0
4191.782,M-detector,1,0,24,0.04,1.0,0.07692307692307693,0.4053355279869853
4191.882,M-detector,0,1,25,0.0,0.0,0.0,0.0
4191.982,M-detector,0,1,25,0.0,0.0,0.0,0.0
4192.082,M-detector,0,2,25,0.0,0.0,0.0,0.0
4192.182,M-detector,0,2,25,0.0,0.0,0.0,0.0
4192.282,M-detector,0,1,25,0.0,0.0,0.0,0.0
4192.382,M-detector,0,3,25,0.0,0.0,0.0,0.0
4192.482,M-detector,0,2,25,0.0,0.0,0.0,0.0
4192.582,M-detector,0,1,25,0.0,0.0,0.0,0.0
4192.682,M-detector,0,1,25,0.0,0.0,0.0,0.0
4192.787,M-detector,0,2,25,0.0,0.0,0.0,0.0
4192.882,M-detector,0,2,25,0.0,0.0,0.0,0.0
4192.982,M-detector,0,3,25,0.0,0.0,0.0,0.0
4193.082,M-detector,0,1,25,0.0,0.0,0.0,0.0
4193.182,M-detector,0,2,25,0.0,0.0,0.0,0.0
4193.282,M-detector,0,1,25,0.0,0.0,0.0,0.0
4193.382,M-detector,0,1,25,0.0,0.0,0.0,0.0
4193.482,M-detector,0,2,25,0.0,0.0,0.0,0.0
4193.582,M-detector,0,1,25,0.0,0.0,0.0,0.0
4193.682,M-detector,0,0,25,0.0,0.0,0.0,0.0
4193.783,M-detector,0,0,25,0.0,0.0,0.0,0.0
4193.882,M-detector,0,0,25,0.0,0.0,0.0,0.0
4193.982,M-detector,0,0,25,0.0,0.0,0.0,0.0
4194.082,M-detector,0,1,25,0.0,0.0,0.0,0.0
4194.182,M-detector,0,1,25,0.0,0.0,0.0,0.0
4194.282,M-detector,0,1,25,0.0,0.0,0.0,0.0
4194.382,M-detector,0,1,25,0.0,0.0,0.0,0.0
4194.482,M-detector,0,2,25,0.0,0.0,0.0,0.0
4194.582,M-detector,0,1,25,0.0,0.0,0.0,0.0
4194.682,M-detector,0,0,25,0.0,0.0,0.0,0.0
4194.782,M-detector,0,2,25,0.0,0.0,0.0,0.0
4194.882,M-detector,0,2,25,0.0,0.0,0.0,0.0
4194.982,M-detector,0,2,25,0.0,0.0,0.0,0.0
4195.082,M-detector,0,1,25,0.0,0.0,0.0,0.0
4195.182,M-detector,0,2,25,0.0,0.0,0.0,0.0
4195.282,M-detector,0,1,25,0.0,0.0,0.0,0.0
4195.382,M-detector,0,1,25,0.0,0.0,0.0,0.0
4195.482,M-detector,0,1,25,0.0,0.0,0.0,0.0
4195.582,M-detector,0,1,25,0.0,0.0,0.0,0.0
4195.682,M-detector,0,2,25,0.0,0.0,0.0,0.0
4195.782,M-detector,0,1,25,0.0,0.0,0.0,0.0
4195.882,M-detector,0,1,25,0.0,0.0,0.0,0.0
4195.982,M-detector,0,1,25,0.0,0.0,0.0,0.0
4196.082,M-detector,0,1,25,0.0,0.0,0.0,0.0
4196.182,M-detector,0,1,25,0.0,0.0,0.0,0.0
4196.282,M-detector,0,1,25,0.0,0.0,0.0,0.0
4196.382,M-detector,0,2,25,0.0,0.0,0.0,0.0
4196.482,M-detector,0,1,25,0.0,0.0,0.0,0.0
4196.582,M-detector,0,1,25,0.0,0.0,0.0,0.0
4196.682,M-detector,0,1,25,0.0,0.0,0.0,0.0
4196.782,M-detector,0,1,25,0.0,0.0,0.0,0.0
4196.882,M-detector,0,1,25,0.0,0.0,0.0,0.0
4196.982,M-detector,0,2,25,0.0,0.0,0.0,0.0
4197.082,M-detector,1,0,24,0.04,1.0,0.07692307692307693,0.5115438755881078
4197.182,M-detector,0,1,25,0.0,0.0,0.0,0.0
4197.282,M-detector,1,0,24,0.04,1.0,0.07692307692307693,0.5077855329368957
4197.382,M-detector,0,0,25,0.0,0.0,0.0,0.0
4197.482,M-detector,0,1,25,0.0,0.0,0.0,0.0
4197.582,M-detector,0,1,25,0.0,0.0,0.0,0.0
4197.682,M-detector,0,0,25,0.0,0.0,0.0,0.0
4197.782,M-detector,0,0,25,0.0,0.0,0.0,0.0
4197.882,M-detector,0,1,25,0.0,0.0,0.0,0.0
4197.982,M-detector,0,1,25,0.0,0.0,0.0,0.0
4198.082,M-detector,0,1,25,0.0,0.0,0.0,0.0
4198.182,M-detector,0,1,25,0.0,0.0,0.0,0.0
4198.282,M-detector,0,2,25,0.0,0.0,0.0,0.0
4198.382,M-detector,0,2,25,0.0,0.0,0.0,0.0
4198.482,M-detector,0,3,25,0.0,0.0,0.0,0.0
4198.582,M-detector,0,1,25,0.0,0.0,0.0,0.0
4198.682,M-detector,0,4,25,0.0,0.0,0.0,0.0
4198.782,M-detector,1,3,24,0.04,0.25,0.06896551724137932,0.5120709203472643
4198.882,M-detector,0,1,25,0.0,0.0,0.0,0.0
4198.982,M-detector,0,2,25,0.0,0.0,0.0,0.0
4199.082,M-detector,0,1,25,0.0,0.0,0.0,0.0
4199.182,M-detector,0,2,25,0.0,0.0,0.0,0.0
4199.282,M-detector,0,2,25,0.0,0.0,0.0,0.0
4199.382,M-detector,0,2,25,0.0,0.0,0.0,0.0
4199.482,M-detector,0,1,25,0.0,0.0,0.0,0.0
4199.582,M-detector,0,1,25,0.0,0.0,0.0,0.0
4199.682,M-detector,0,0,25,0.0,0.0,0.0,0.0
4199.782,M-detector,0,0,25,0.0,0.0,0.0,0.0
4199.882,M-detector,0,1,25,0.0,0.0,0.0,0.0
4199.983,M-detector,0,2,25,0.0,0.0,0.0,0.0
4200.082,M-detector,0,1,25,0.0,0.0,0.0,0.0
4200.182,M-detector,0,1,25,0.0,0.0,0.0,0.0
4200.282,M-detector,0,2,25,0.0,0.0,0.0,0.0
4200.382,M-detector,0,1,25,0.0,0.0,0.0,0.0
4200.482,M-detector,0,2,25,0.0,0.0,0.0,0.0
4200.582,M-detector,0,1,25,0.0,0.0,0.0,0.0
4200.682,M-detector,0,1,25,0.0,0.0,0.0,0.0
4200.782,M-detector,0,2,25,0.0,0.0,0.0,0.0
4200.882,M-detector,0,1,25,0.0,0.0,0.0,0.0
4200.982,M-detector,0,1,25,0.0,0.0,0.0,0.0
4201.082,M-detector,0,0,25,0.0,0.0,0.0,0.0
4201.182,M-detector,0,0,25,0.0,0.0,0.0,0.0
4201.282,M-detector,0,0,25,0.0,0.0,0.0,0.0
4201.382,M-detector,0,0,25,0.0,0.0,0.0,0.0
4201.482,M-detector,0,0,25,0.0,0.0,0.0,0.0
4201.582,M-detector,0,0,25,0.0,0.0,0.0,0.0
4201.682,M-detector,0,1,25,0.0,0.0,0.0,0.0
4201.782,M-detector,0,0,25,0.0,0.0,0.0,0.0
4201.882,M-detector,0,1,25,0.0,0.0,0.0,0.0
4201.982,M-detector,0,2,25,0.0,0.0,0.0,0.0
4202.082,M-detector,0,2,25,0.0,0.0,0.0,0.0
4202.182,M-detector,0,2,25,0.0,0.0,0.0,0.0
4202.282,M-detector,0,1,25,0.0,0.0,0.0,0.0
4202.382,M-detector,0,2,25,0.0,0.0,0.0,0.0
4202.482,M-detector,0,2,25,0.0,0.0,0.0,0.0
4202.582,M-detector,0,2,25,0.0,0.0,0.0,0.0
4202.682,M-detector,0,2,25,0.0,0.0,0.0,0.0
4202.782,M-detector,0,3,25,0.0,0.0,0.0,0.0
4202.882,M-detector,0,2,25,0.0,0.0,0.0,0.0
4202.982,M-detector,0,2,25,0.0,0.0,0.0,0.0
4203.082,M-detector,0,2,25,0.0,0.0,0.0,0.0
4203.182,M-detector,0,2,25,0.0,0.0,0.0,0.0
4203.282,M-detector,0,2,25,0.0,0.0,0.0,0.0
4203.382,M-detector,0,2,25,0.0,0.0,0.0,0.0
4203.482,M-detector,0,2,25,0.0,0.0,0.0,0.0
4203.582,M-detector,0,2,25,0.0,0.0,0.0,0.0
4203.682,M-detector,0,2,25,0.0,0.0,0.0,0.0
4203.782,M-detector,1,1,24,0.04,0.5,0.07407407407407407,0.5429331154330438
4203.882,M-detector,0,2,25,0.0,0.0,0.0,0.0
4203.982,M-detector,0,3,25,0.0,0.0,0.0,0.0
4204.082,M-detector,0,2,25,0.0,0.0,0.0,0.0
4204.182,M-detector,0,1,25,0.0,0.0,0.0,0.0
4204.282,M-detector,0,2,25,0.0,0.0,0.0,0.0
4204.382,M-detector,0,2,25,0.0,0.0,0.0,0.0
4204.482,M-detector,0,2,25,0.0,0.0,0.0,0.0
4204.582,M-detector,0,2,25,0.0,0.0,0.0,0.0
4204.682,M-detector,0,3,25,0.0,0.0,0.0,0.0
4204.782,M-detector,0,2,25,0.0,0.0,0.0,0.0
4204.882,M-detector,0,2,25,0.0,0.0,0.0,0.0
4204.982,M-detector,1,1,24,0.04,0.5,0.07407407407407407,0.517074588433348
4205.082,M-detector,0,2,25,0.0,0.0,0.0,0.0
4205.182,M-detector,1,1,24,0.04,0.5,0.07407407407407407,0.6826050542152297
4205.282,M-detector,1,2,24,0.04,0.3333333333333333,0.07142857142857142,0.7126539879780287
4205.382,M-detector,1,1,24,0.04,0.5,0.07407407407407407,0.5185309169708658
4205.482,M-detector,2,1,23,0.08,0.6666666666666666,0.14285714285714285,0.5900817895445144
4205.582,M-detector,1,0,24,0.04,1.0,0.07692307692307693,0.5892748347199985
4205.682,M-detector,2,1,23,0.08,0.6666666666666666,0.14285714285714285,0.5406485600343409
4205.782,M-detector,1,2,24,0.04,0.3333333333333333,0.07142857142857142,0.5245603478226344
4205.882,M-detector,1,2,24,0.04,0.3333333333333333,0.07142857142857142,0.6650158248144423
4205.982,M-detector,0,3,25,0.0,0.0,0.0,0.0
4206.082,M-detector,0,2,25,0.0,0.0,0.0,0.0
4206.182,M-detector,0,1,25,0.0,0.0,0.0,0.0
4206.282,M-detector,0,4,25,0.0,0.0,0.0,0.0
4206.382,M-detector,0,2,25,0.0,0.0,0.0,0.0
4206.482,M-detector,0,2,25,0.0,0.0,0.0,0.0
4206.582,M-detector,0,2,25,0.0,0.0,0.0,0.0
4206.682,M-detector,0,3,25,0.0,0.0,0.0,0.0
4206.782,M-detector,0,2,25,0.0,0.0,0.0,0.0
4206.882,M-detector,0,2,25,0.0,0.0,0.0,0.0
4206.982,M-detector,0,2,25,0.0,0.0,0.0,0.0
4207.082,M-detector,0,1,25,0.0,0.0,0.0,0.0
4207.182,M-detector,1,1,24,0.04,0.5,0.07407407407407407,0.6170657563273868
4207.282,M-detector,2,1,23,0.08,0.6666666666666666,0.14285714285714285,0.403788388911109
4207.382,M-detector,1,2,24,0.04,0.3333333333333333,0.07142857142857142,0.582996656872613
4207.482,M-detector,0,1,25,0.0,0.0,0.0,0.0
4207.582,M-detector,0,1,25,0.0,0.0,0.0,0.0
4207.682,M-detector,0,1,25,0.0,0.0,0.0,0.0
4207.782,M-detector,0,1,25,0.0,0.0,0.0,0.0
4207.882,M-detector,0,0,25,0.0,0.0,0.0,0.0
4207.982,M-detector,1,0,24,0.04,1.0,0.07692307692307693,0.4444779720923432
4208.082,M-detector,0,2,25,0.0,0.0,0.0,0.0
4208.182,M-detector,0,0,25,0.0,0.0,0.0,0.0
4208.282,M-detector,0,0,25,0.0,0.0,0.0,0.0
4208.382,M-detector,0,1,25,0.0,0.0,0.0,0.0
4208.482,M-detector,0,0,25,0.0,0.0,0.0,0.0
4208.582,M-detector,0,0,25,0.0,0.0,0.0,0.0
4208.682,M-detector,0,1,25,0.0,0.0,0.0,0.0
4208.782,M-detector,0,2,25,0.0,0.0,0.0,0.0
4208.882,M-detector,0,2,25,0.0,0.0,0.0,0.0
4208.982,M-detector,0,0,25,0.0,0.0,0.0,0.0
4209.082,M-detector,0,1,25,0.0,0.0,0.0,0.0
4209.182,M-detector,0,2,25,0.0,0.0,0.0,0.0
4209.282,M-detector,0,2,25,0.0,0.0,0.0,0.0
4209.382,M-detector,0,3,25,0.0,0.0,0.0,0.0
4209.482,M-detector,1,3,24,0.04,0.25,0.06896551724137932,0.5183796747281085
4209.582,M-detector,0,2,25,0.0,0.0,0.0,0.0
4209.682,M-detector,0,3,25,0.0,0.0,0.0,0.0
4209.782,M-detector,0,2,25,0.0,0.0,0.0,0.0
4209.882,M-detector,0,4,25,0.0,0.0,0.0,0.0
4209.982,M-detector,0,3,25,0.0,0.0,0.0,0.0
4210.082,M-detector,0,2,25,0.0,0.0,0.0,0.0
4210.182,M-detector,1,1,24,0.04,0.5,0.07407407407407407,0.46205966425569034
4210.282,M-detector,0,2,25,0.0,0.0,0.0,0.0
4210.382,M-detector,0,3,25,0.0,0.0,0.0,0.0
4210.482,M-detector,0,2,25,0.0,0.0,0.0,0.0
4210.582,M-detector,0,2,25,0.0,0.0,0.0,0.0
4210.682,M-detector,0,2,25,0.0,0.0,0.0,0.0
4210.782,M-detector,1,2,24,0.04,0.3333333333333333,0.07142857142857142,0.486248638629876
4210.882,M-detector,0,2,25,0.0,0.0,0.0,0.0
4210.982,M-detector,0,3,25,0.0,0.0,0.0,0.0
4211.082,M-detector,1,0,24,0.04,1.0,0.07692307692307693,0.5818635594115913
4211.182,M-detector,1,2,24,0.04,0.3333333333333333,0.07142857142857142,0.5521424883318878
4211.282,M-detector,0,3,25,0.0,0.0,0.0,0.0
4211.382,M-detector,1,2,24,0.04,0.3333333333333333,0.07142857142857142,0.5364031712619868
4211.482,M-detector,0,4,25,0.0,0.0,0.0,0.0
4211.582,M-detector,0,2,25,0.0,0.0,0.0,0.0
4211.682,M-detector,0,2,25,0.0,0.0,0.0,0.0
4211.782,M-detector,1,2,24,0.04,0.3333333333333333,0.07142857142857142,0.5608848093117063
4211.882,M-detector,1,1,24,0.04,0.5,0.07407407407407407,0.5246939244946464
4211.982,M-detector,1,1,24,0.04,0.5,0.07407407407407407,0.42806955171269795
4212.082,M-detector,0,2,25,0.0,0.0,0.0,0.0
4212.182,M-detector,0,2,25,0.0,0.0,0.0,0.0
4212.282,M-detector,0,2,25,0.0,0.0,0.0,0.0
4212.382,M-detector,0,2,25,0.0,0.0,0.0,0.0
4212.482,M-detector,0,2,25,0.0,0.0,0.0,0.0
4212.582,M-detector,0,4,25,0.0,0.0,0.0,0.0
4212.682,M-detector,0,3,25,0.0,0.0,0.0,0.0
4212.782,M-detector,1,2,24,0.04,0.3333333333333333,0.07142857142857142,0.386142810274539
4212.882,M-detector,0,3,25,0.0,0.0,0.0,0.0
4212.982,M-detector,1,2,24,0.04,0.3333333333333333,0.07142857142857142,0.532488257633114
4213.082,M-detector,0,0,25,0.0,0.0,0.0,0.0
4213.182,M-detector,0,1,25,0.0,0.0,0.0,0.0
4213.282,M-detector,0,0,25,0.0,0.0,0.0,0.0
4213.382,M-detector,0,1,25,0.0,0.0,0.0,0.0
4213.482,M-detector,0,1,25,0.0,0.0,0.0,0.0
4213.582,M-detector,0,0,25,0.0,0.0,0.0,0.0
4213.682,M-detector,0,2,25,0.0,0.0,0.0,0.0
4213.782,M-detector,0,3,25,0.0,0.0,0.0,0.0
4213.882,M-detector,0,4,25,0.0,0.0,0.0,0.0
4213.982,M-detector,0,2,25,0.0,0.0,0.0,0.0
4214.082,M-detector,0,2,25,0.0,0.0,0.0,0.0
4214.182,M-detector,0,1,25,0.0,0.0,0.0,0.0
4214.282,M-detector,0,2,25,0.0,0.0,0.0,0.0
4214.382,M-detector,0,4,25,0.0,0.0,0.0,0.0
4214.482,M-detector,0,2,25,0.0,0.0,0.0,0.0
4214.582,M-detector,0,1,25,0.0,0.0,0.0,0.0
4214.682,M-detector,0,2,25,0.0,0.0,0.0,0.0
4214.782,M-detector,1,1,24,0.04,0.5,0.07407407407407407,0.4325822756801214
4214.882,M-detector,1,2,24,0.04,0.3333333333333333,0.07142857142857142,0.45015862815692437
4214.982,M-detector,0,2,25,0.0,0.0,0.0,0.0
4215.082,M-detector,0,0,25,0.0,0.0,0.0,0.0
4215.182,M-detector,1,0,24,0.04,1.0,0.07692307692307693,0.4493250303804529
4215.291,M-detector,1,0,24,0.04,1.0,0.07692307692307693,0.4397122554795773
4215.382,M-detector,0,0,25,0.0,0.0,0.0,0.0
4215.482,M-detector,0,0,25,0.0,0.0,0.0,0.0
4215.583,M-detector,0,1,25,0.0,0.0,0.0,0.0
4215.682,M-detector,0,1,25,0.0,0.0,0.0,0.0
4215.782,M-detector,0,0,25,0.0,0.0,0.0,0.0
4215.882,M-detector,0,1,25,0.0,0.0,0.0,0.0
4215.982,M-detector,0,0,25,0.0,0.0,0.0,0.0
4216.082,M-detector,0,1,25,0.0,0.0,0.0,0.0
4216.182,M-detector,0,2,25,0.0,0.0,0.0,0.0
4216.282,M-detector,0,1,25,0.0,0.0,0.0,0.0
4216.382,M-detector,0,1,25,0.0,0.0,0.0,0.0
4216.482,M-detector,0,2,25,0.0,0.0,0.0,0.0
4216.582,M-detector,0,0,25,0.0,0.0,0.0,0.0
4216.682,M-detector,0,1,25,0.0,0.0,0.0,0.0
4216.782,M-detector,1,1,24,0.04,0.5,0.07407407407407407,0.41895395331076074
4216.882,M-detector,0,2,25,0.0,0.0,0.0,0.0
4216.982,M-detector,0,2,25,0.0,0.0,0.0,0.0
4217.082,M-detector,0,2,25,0.0,0.0,0.0,0.0
4217.182,M-detector,0,2,25,0.0,0.0,0.0,0.0
4217.282,M-detector,0,3,25,0.0,0.0,0.0,0.0
4217.382,M-detector,1,1,24,0.04,0.5,0.07407407407407407,0.5114050311054673
4217.482,M-detector,0,1,25,0.0,0.0,0.0,0.0
4217.582,M-detector,0,1,25,0.0,0.0,0.0,0.0
4217.682,M-detector,0,1,25,0.0,0.0,0.0,0.0
4217.782,M-detector,0,1,25,0.0,0.0,0.0,0.0
4217.883,M-detector,0,0,25,0.0,0.0,0.0,0.0
4217.982,M-detector,0,2,25,0.0,0.0,0.0,0.0
4218.082,M-detector,0,0,25,0.0,0.0,0.0,0.0
4218.182,M-detector,0,2,25,0.0,0.0,0.0,0.0
4218.282,M-detector,0,1,25,0.0,0.0,0.0,0.0
4218.382,M-detector,0,1,25,0.0,0.0,0.0,0.0
4218.482,M-detector,0,2,25,0.0,0.0,0.0,0.0
4218.582,M-detector,0,0,25,0.0,0.0,0.0,0.0
4218.682,M-detector,0,1,25,0.0,0.0,0.0,0.0
4218.782,M-detector,0,1,25,0.0,0.0,0.0,0.0
4218.882,M-detector,0,1,25,0.0,0.0,0.0,0.0
4218.982,M-detector,0,1,25,0.0,0.0,0.0,0.0
4219.082,M-detector,0,1,25,0.0,0.0,0.0,0.0
4219.182,M-detector,0,1,25,0.0,0.0,0.0,0.0
4219.282,M-detector,0,1,25,0.0,0.0,0.0,0.0
4219.382,M-detector,1,1,24,0.04,0.5,0.07407407407407407,0.4064389339147938
4219.482,M-detector,0,2,25,0.0,0.0,0.0,0.0
4219.582,M-detector,0,1,25,0.0,0.0,0.0,0.0
4219.682,M-detector,0,1,25,0.0,0.0,0.0,0.0
4219.782,M-detector,0,2,25,0.0,0.0,0.0,0.0
4219.882,M-detector,0,2,25,0.0,0.0,0.0,0.0
4219.982,M-detector,0,2,25,0.0,0.0,0.0,0.0
4220.082,M-detector,0,1,25,0.0,0.0,0.0,0.0
4220.182,M-detector,0,2,25,0.0,0.0,0.0,0.0
4220.282,M-detector,0,2,25,0.0,0.0,0.0,0.0
4220.382,M-detector,0,4,25,0.0,0.0,0.0,0.0
4220.483,M-detector,0,4,25,0.0,0.0,0.0,0.0
4220.582,M-detector,0,3,25,0.0,0.0,0.0,0.0
4220.682,M-detector,0,5,25,0.0,0.0,0.0,0.0
4220.782,M-detector,0,3,25,0.0,0.0,0.0,0.0
4220.882,M-detector,0,2,25,0.0,0.0,0.0,0.0
4220.982,M-detector,1,2,24,0.04,0.3333333333333333,0.07142857142857142,0.5425137430511089
4221.082,M-detector,1,1,24,0.04,0.5,0.07407407407407407,0.5448688243580889
4221.182,M-detector,0,4,25,0.0,0.0,0.0,0.0
4221.282,M-detector,0,2,25,0.0,0.0,0.0,0.0
4221.382,M-detector,0,2,25,0.0,0.0,0.0,0.0
4221.482,M-detector,0,2,25,0.0,0.0,0.0,0.0
4221.582,M-detector,0,1,25,0.0,0.0,0.0,0.0
4221.682,M-detector,0,1,25,0.0,0.0,0.0,0.0
4221.782,M-detector,0,2,25,0.0,0.0,0.0,0.0
4221.882,M-detector,0,1,25,0.0,0.0,0.0,0.0
4221.982,M-detector,0,2,25,0.0,0.0,0.0,0.0
4222.082,M-detector,0,2,25,0.0,0.0,0.0,0.0
4222.182,M-detector,0,2,25,0.0,0.0,0.0,0.0
4222.282,M-detector,0,3,25,0.0,0.0,0.0,0.0
4222.382,M-detector,0,3,25,0.0,0.0,0.0,0.0
4222.482,M-detector,0,3,25,0.0,0.0,0.0,0.0
4222.582,M-detector,0,2,25,0.0,0.0,0.0,0.0
4222.682,M-detector,0,3,25,0.0,0.0,0.0,0.0
4222.782,M-detector,0,3,25,0.0,0.0,0.0,0.0
4222.882,M-detector,0,3,25,0.0,0.0,0.0,0.0
4222.982,M-detector,1,2,24,0.04,0.3333333333333333,0.07142857142857142,0.5399456848676409
4223.082,M-detector,0,2,25,0.0,0.0,0.0,0.0
4223.182,M-detector,1,3,24,0.04,0.25,0.06896551724137932,0.6076092728159722
4223.282,M-detector,0,3,25,0.0,0.0,0.0,0.0
4223.382,M-detector,0,1,25,0.0,0.0,0.0,0.0
4223.482,M-detector,0,0,25,0.0,0.0,0.0,0.0
4223.582,M-detector,0,2,25,0.0,0.0,0.0,0.0
4223.682,M-detector,1,0,24,0.04,1.0,0.07692307692307693,0.5182350701487732
4223.782,M-detector,1,1,24,0.04,0.5,0.07407407407407407,0.5314819579013293
4223.882,M-detector,0,1,25,0.0,0.0,0.0,0.0
4223.982,M-detector,0,2,25,0.0,0.0,0.0,0.0
4224.082,M-detector,0,1,25,0.0,0.0,0.0,0.0
4224.182,M-detector,0,1,25,0.0,0.0,0.0,0.0
4224.282,M-detector,0,1,25,0.0,0.0,0.0,0.0
4224.382,M-detector,0,1,25,0.0,0.0,0.0,0.0
4224.482,M-detector,0,1,25,0.0,0.0,0.0,0.0
4224.582,M-detector,0,0,25,0.0,0.0,0.0,0.0
4224.682,M-detector,0,1,25,0.0,0.0,0.0,0.0
4224.782,M-detector,0,1,25,0.0,0.0,0.0,0.0
4224.882,M-detector,0,1,25,0.0,0.0,0.0,0.0
4224.982,M-detector,0,0,25,0.0,0.0,0.0,0.0
4225.082,M-detector,1,0,24,0.04,1.0,0.07692307692307693,0.6423696729755262
4225.182,M-detector,0,1,25,0.0,0.0,0.0,0.0
4225.282,M-detector,1,0,24,0.04,1.0,0.07692307692307693,0.6642908407563054
4225.382,M-detector,1,0,24,0.04,1.0,0.07692307692307693,0.5024640797100233
4225.482,M-detector,1,0,24,0.04,1.0,0.07692307692307693,0.6145161656935867
4225.582,M-detector,0,1,25,0.0,0.0,0.0,0.0
4225.682,M-detector,0,1,25,0.0,0.0,0.0,0.0
4225.782,M-detector,0,1,25,0.0,0.0,0.0,0.0
4225.882,M-detector,1,1,24,0.04,0.5,0.07407407407407407,0.6502636255534046
4225.982,M-detector,1,1,24,0.04,0.5,0.07407407407407407,0.5474139672506898
4226.082,M-detector,1,2,24,0.04,0.3333333333333333,0.07142857142857142,0.5997141553245511
4226.182,M-detector,1,3,24,0.04,0.25,0.06896551724137932,0.5442444009872484
4226.282,M-detector,0,4,25,0.0,0.0,0.0,0.0
4226.382,M-detector,0,3,25,0.0,0.0,0.0,0.0
4226.482,M-detector,0,3,25,0.0,0.0,0.0,0.0
4226.582,M-detector,0,2,25,0.0,0.0,0.0,0.0
4226.682,M-detector,0,3,25,0.0,0.0,0.0,0.0
4226.782,M-detector,0,2,25,0.0,0.0,0.0,0.0
4226.882,M-detector,1,3,24,0.04,0.25,0.06896551724137932,0.475033131842464
4226.982,M-detector,1,2,24,0.04,0.3333333333333333,0.07142857142857142,0.4585551772587984
4227.082,M-detector,0,1,25,0.0,0.0,0.0,0.0
4227.182,M-detector,1,2,24,0.04,0.3333333333333333,0.07142857142857142,0.5171193955173916
4227.282,M-detector,1,2,24,0.04,0.3333333333333333,0.07142857142857142,0.48752527726864664
4227.382,M-detector,0,3,25,0.0,0.0,0.0,0.0
4227.482,M-detector,0,3,25,0.0,0.0,0.0,0.0
4227.582,M-detector,0,3,25,0.0,0.0,0.0,0.0
4227.682,M-detector,0,3,25,0.0,0.0,0.0,0.0
4227.782,M-detector,0,2,25,0.0,0.0,0.0,0.0
4227.882,M-detector,0,1,25,0.0,0.0,0.0,0.0
4227.982,M-detector,0,3,25,0.0,0.0,0.0,0.0
4228.082,M-detector,0,3,25,0.0,0.0,0.0,0.0
4228.182,M-detector,0,2,25,0.0,0.0,0.0,0.0
4228.282,M-detector,0,2,25,0.0,0.0,0.0,0.0
4228.382,M-detector,0,3,25,0.0,0.0,0.0,0.0
4228.482,M-detector,0,3,25,0.0,0.0,0.0,0.0
4228.582,M-detector,0,0,25,0.0,0.0,0.0,0.0
4228.682,M-detector,0,0,25,0.0,0.0,0.0,0.0
4228.782,M-detector,1,0,24,0.04,1.0,0.07692307692307693,0.4008182184682436
4228.883,M-detector,0,1,25,0.0,0.0,0.0,0.0
4228.982,M-detector,0,0,25,0.0,0.0,0.0,0.0
4229.082,M-detector,0,1,25,0.0,0.0,0.0,0.0
4229.182,M-detector,0,2,25,0.0,0.0,0.0,0.0
4229.282,M-detector,0,1,25,0.0,0.0,0.0,0.0
4229.385,M-detector,0,1,25,0.0,0.0,0.0,0.0
4229.482,M-detector,2,0,23,0.08,1.0,0.14814814814814814,0.4661957460354895
4229.582,M-detector,0,1,25,0.0,0.0,0.0,0.0
4229.682,M-detector,0,1,25,0.0,0.0,0.0,0.0
4229.782,M-detector,1,1,24,0.04,0.5,0.07407407407407407,0.5303344326239494
4229.882,M-detector,0,1,25,0.0,0.0,0.0,0.0
4229.982,M-detector,0,2,25,0.0,0.0,0.0,0.0
4230.082,M-detector,0,3,25,0.0,0.0,0.0,0.0
4230.182,M-detector,0,1,25,0.0,0.0,0.0,0.0
4230.282,M-detector,1,0,24,0.04,1.0,0.07692307692307693,0.501337621602622
4230.382,M-detector,1,1,24,0.04,0.5,0.07407407407407407,0.5266441107162907
4230.482,M-detector,2,0,23,0.08,1.0,0.14814814814814814,0.4355092380391169
4230.582,M-detector,0,1,25,0.0,0.0,0.0,0.0
4230.682,M-detector,0,1,25,0.0,0.0,0.0,0.0
4230.782,M-detector,0,1,25,0.0,0.0,0.0,0.0
4230.882,M-detector,0,1,25,0.0,0.0,0.0,0.0
4230.982,M-detector,0,1,25,0.0,0.0,0.0,0.0
4231.082,M-detector,0,0,25,0.0,0.0,0.0,0.0
4231.182,M-detector,0,1,25,0.0,0.0,0.0,0.0
4231.282,M-detector,0,1,25,0.0,0.0,0.0,0.0
4231.382,M-detector,0,2,25,0.0,0.0,0.0,0.0
4231.482,M-detector,0,2,25,0.0,0.0,0.0,0.0
4231.582,M-detector,0,0,25,0.0,0.0,0.0,0.0
4231.682,M-detector,1,0,24,0.04,1.0,0.07692307692307693,0.4141109265290668
4231.782,M-detector,0,0,25,0.0,0.0,0.0,0.0
4231.882,M-detector,0,0,25,0.0,0.0,0.0,0.0
4231.982,M-detector,0,1,25,0.0,0.0,0.0,0.0
4232.082,M-detector,0,0,25,0.0,0.0,0.0,0.0
4232.182,M-detector,0,0,25,0.0,0.0,0.0,0.0
4232.282,M-detector,0,0,25,0.0,0.0,0.0,0.0
4232.383,M-detector,0,0,25,0.0,0.0,0.0,0.0
4232.482,M-detector,0,0,25,0.0,0.0,0.0,0.0
4232.582,M-detector,0,0,25,0.0,0.0,0.0,0.0
4232.682,M-detector,0,0,25,0.0,0.0,0.0,0.0
4232.782,M-detector,0,0,25,0.0,0.0,0.0,0.0
4232.882,M-detector,0,0,25,0.0,0.0,0.0,0.0
4232.982,M-detector,0,0,25,0.0,0.0,0.0,0.0
4233.082,M-detector,0,0,25,0.0,0.0,0.0,0.0
4233.182,M-detector,0,1,25,0.0,0.0,0.0,0.0
4233.282,M-detector,1,1,24,0.04,0.5,0.07407407407407407,0.44474031719260393
4233.382,M-detector,0,1,25,0.0,0.0,0.0,0.0
4233.482,M-detector,0,2,25,0.0,0.0,0.0,0.0
4233.582,M-detector,0,0,25,0.0,0.0,0.0,0.0
4233.682,M-detector,0,1,25,0.0,0.0,0.0,0.0
4233.782,M-detector,0,1,25,0.0,0.0,0.0,0.0
4233.882,M-detector,0,1,25,0.0,0.0,0.0,0.0
4233.982,M-detector,0,1,25,0.0,0.0,0.0,0.0
4234.082,M-detector,0,2,25,0.0,0.0,0.0,0.0
4234.182,M-detector,0,1,25,0.0,0.0,0.0,0.0
4234.282,M-detector,0,3,25,0.0,0.0,0.0,0.0
4234.382,M-detector,0,3,25,0.0,0.0,0.0,0.0
4234.482,M-detector,0,3,25,0.0,0.0,0.0,0.0
4234.582,M-detector,0,3,25,0.0,0.0,0.0,0.0
4234.682,M-detector,0,2,25,0.0,0.0,0.0,0.0
4234.782,M-detector,0,2,25,0.0,0.0,0.0,0.0
4234.882,M-detector,0,3,25,0.0,0.0,0.0,0.0
4234.982,M-detector,0,3,25,0.0,0.0,0.0,0.0
4235.082,M-detector,0,2,25,0.0,0.0,0.0,0.0
4235.182,M-detector,1,3,24,0.04,0.25,0.06896551724137932,0.3584679934052657
4235.282,M-detector,1,2,24,0.04,0.3333333333333333,0.07142857142857142,0.48709434186053735
4235.382,M-detector,0,3,25,0.0,0.0,0.0,0.0
4235.482,M-detector,0,2,25,0.0,0.0,0.0,0.0
4235.582,M-detector,0,3,25,0.0,0.0,0.0,0.0
4235.682,M-detector,0,2,25,0.0,0.0,0.0,0.0
4235.782,M-detector,0,2,25,0.0,0.0,0.0,0.0
4235.882,M-detector,0,2,25,0.0,0.0,0.0,0.0
4235.982,M-detector,0,4,25,0.0,0.0,0.0,0.0
4236.082,M-detector,1,1,24,0.04,0.5,0.07407407407407407,0.4257842539542361
4236.182,M-detector,0,2,25,0.0,0.0,0.0,0.0
4236.282,M-detector,0,2,25,0.0,0.0,0.0,0.0
4236.382,M-detector,0,4,25,0.0,0.0,0.0,0.0
4236.482,M-detector,0,4,25,0.0,0.0,0.0,0.0
4236.582,M-detector,0,3,25,0.0,0.0,0.0,0.0
4236.682,M-detector,0,3,25,0.0,0.0,0.0,0.0
4236.782,M-detector,1,3,24,0.04,0.25,0.06896551724137932,0.5421831694936715
4236.882,M-detector,1,2,24,0.04,0.3333333333333333,0.07142857142857142,0.5599840375482984
4236.982,M-detector,0,1,25,0.0,0.0,0.0,0.0
4237.082,M-detector,2,1,23,0.08,0.6666666666666666,0.14285714285714285,0.5187221394109605
4237.182,M-detector,2,2,23,0.08,0.5,0.13793103448275865,0.5161860318095977
4237.282,M-detector,0,3,25,0.0,0.0,0.0,0.0
4237.382,M-detector,0,2,25,0.0,0.0,0.0,0.0
4237.482,M-detector,1,2,24,0.04,0.3333333333333333,0.07142857142857142,0.44300070219186266
4237.582,M-detector,0,3,25,0.0,0.0,0.0,0.0
4237.682,M-detector,0,1,25,0.0,0.0,0.0,0.0
4237.782,M-detector,0,2,25,0.0,0.0,0.0,0.0
4237.882,M-detector,0,2,25,0.0,0.0,0.0,0.0
4237.982,M-detector,0,0,25,0.0,0.0,0.0,0.0
4238.082,M-detector,0,2,25,0.0,0.0,0.0,0.0
4238.182,M-detector,0,2,25,0.0,0.0,0.0,0.0
4238.282,M-detector,0,2,25,0.0,0.0,0.0,0.0
4238.382,M-detector,0,0,25,0.0,0.0,0.0,0.0
4238.482,M-detector,0,2,25,0.0,0.0,0.0,0.0
4238.582,M-detector,0,2,25,0.0,0.0,0.0,0.0
4238.682,M-detector,1,1,24,0.04,0.5,0.07407407407407407,0.5375242099361074
4238.782,M-detector,0,0,25,0.0,0.0,0.0,0.0
4238.882,M-detector,1,1,24,0.04,0.5,0.07407407407407407,0.4478360955537789
4238.982,M-detector,0,2,25,0.0,0.0,0.0,0.0
4239.082,M-detector,1,0,24,0.04,1.0,0.07692307692307693,0.4988165009481073
4239.182,M-detector,0,1,25,0.0,0.0,0.0,0.0
4239.282,M-detector,0,0,25,0.0,0.0,0.0,0.0
4239.382,M-detector,0,2,25,0.0,0.0,0.0,0.0
4239.482,M-detector,0,1,25,0.0,0.0,0.0,0.0
4239.582,M-detector,0,0,25,0.0,0.0,0.0,0.0
4239.682,M-detector,0,0,25,0.0,0.0,0.0,0.0
4239.782,M-detector,0,1,25,0.0,0.0,0.0,0.0
4239.882,M-detector,0,4,25,0.0,0.0,0.0,0.0
4239.982,M-detector,0,3,25,0.0,0.0,0.0,0.0
4240.082,M-detector,0,2,25,0.0,0.0,0.0,0.0
4240.182,M-detector,0,0,25,0.0,0.0,0.0,0.0
4240.282,M-detector,0,3,25,0.0,0.0,0.0,0.0
4240.382,M-detector,0,3,25,0.0,0.0,0.0,0.0
4240.482,M-detector,0,3,25,0.0,0.0,0.0,0.0
4240.582,M-detector,0,1,25,0.0,0.0,0.0,0.0
4240.682,M-detector,0,2,25,0.0,0.0,0.0,0.0
4240.782,M-detector,0,0,25,0.0,0.0,0.0,0.0
4240.882,M-detector,0,1,25,0.0,0.0,0.0,0.0
4240.982,M-detector,0,2,25,0.0,0.0,0.0,0.0
4241.082,M-detector,0,1,25,0.0,0.0,0.0,0.0
4241.182,M-detector,0,0,25,0.0,0.0,0.0,0.0
4241.282,M-detector,0,1,25,0.0,0.0,0.0,0.0
4241.382,M-detector,0,1,25,0.0,0.0,0.0,0.0
4241.482,M-detector,0,1,25,0.0,0.0,0.0,0.0
4241.582,M-detector,0,0,25,0.0,0.0,0.0,0.0
4241.682,M-detector,0,1,25,0.0,0.0,0.0,0.0
4241.782,M-detector,0,1,25,0.0,0.0,0.0,0.0
4241.882,M-detector,0,3,25,0.0,0.0,0.0,0.0
4241.982,M-detector,0,3,25,0.0,0.0,0.0,0.0
4242.082,M-detector,0,3,25,0.0,0.0,0.0,0.0
4242.182,M-detector,0,4,25,0.0,0.0,0.0,0.0
4242.282,M-detector,0,3,25,0.0,0.0,0.0,0.0
4242.382,M-detector,0,4,25,0.0,0.0,0.0,0.0
4242.482,M-detector,1,3,24,0.04,0.25,0.06896551724137932,0.4646378934041477
4242.582,M-detector,0,4,25,0.0,0.0,0.0,0.0
4242.683,M-detector,0,4,25,0.0,0.0,0.0,0.0
4242.782,M-detector,1,4,24,0.04,0.2,0.06666666666666667,0.42717322440717015
4242.882,M-detector,1,2,24,0.04,0.3333333333333333,0.07142857142857142,0.44324535608471327
4242.982,M-detector,0,3,25,0.0,0.0,0.0,0.0
4243.082,M-detector,0,1,25,0.0,0.0,0.0,0.0
4243.182,M-detector,1,2,24,0.04,0.3333333333333333,0.07142857142857142,0.446376074820317
4243.282,M-detector,1,2,24,0.04,0.3333333333333333,0.07142857142857142,0.4465443070227609
4243.382,M-detector,0,2,25,0.0,0.0,0.0,0.0
4243.482,M-detector,0,2,25,0.0,0.0,0.0,0.0
4243.582,M-detector,0,3,25,0.0,0.0,0.0,0.0
4243.682,M-detector,1,2,24,0.04,0.3333333333333333,0.07142857142857142,0.5186325780563058
4243.782,M-detector,0,3,25,0.0,0.0,0.0,0.0
4243.882,M-detector,0,3,25,0.0,0.0,0.0,0.0
4243.982,M-detector,0,2,25,0.0,0.0,0.0,0.0
4244.082,M-detector,0,2,25,0.0,0.0,0.0,0.0
4244.182,M-detector,0,2,25,0.0,0.0,0.0,0.0
4244.282,M-detector,0,1,25,0.0,0.0,0.0,0.0
4244.382,M-detector,0,2,25,0.0,0.0,0.0,0.0
4244.482,M-detector,0,3,25,0.0,0.0,0.0,0.0
4244.582,M-detector,0,1,25,0.0,0.0,0.0,0.0
4244.682,M-detector,0,1,25,0.0,0.0,0.0,0.0
4244.782,M-detector,0,1,25,0.0,0.0,0.0,0.0
4244.882,M-detector,0,1,25,0.0,0.0,0.0,0.0
4244.982,M-detector,1,0,24,0.04,1.0,0.07692307692307693,0.3853931787191702
4245.082,M-detector,1,1,24,0.04,0.5,0.07407407407407407,0.3540199817163312
4245.182,M-detector,1,0,24,0.04,1.0,0.07692307692307693,0.6659488715946219
4245.282,M-detector,1,0,24,0.04,1.0,0.07692307692307693,0.6483801053499315
4245.382,M-detector,1,0,24,0.04,1.0,0.07692307692307693,0.490417553016061
4245.482,M-detector,0,1,25,0.0,0.0,0.0,0.0
4245.582,M-detector,1,0,24,0.04,1.0,0.07692307692307693,0.5850208095607906
4245.682,M-detector,1,0,24,0.04,1.0,0.07692307692307693,0.6566022054140905
4245.782,M-detector,1,0,24,0.04,1.0,0.07692307692307693,0.45078962284899154
4245.882,M-detector,1,0,24,0.04,1.0,0.07692307692307693,0.5854621274217285
4245.982,M-detector,0,1,25,0.0,0.0,0.0,0.0
4246.082,M-detector,1,0,24,0.04,1.0,0.07692307692307693,0.6005581856377039
4246.182,M-detector,1,0,24,0.04,1.0,0.07692307692307693,0.5420535319627641
4246.282,M-detector,0,1,25,0.0,0.0,0.0,0.0
4246.382,M-detector,0,1,25,0.0,0.0,0.0,0.0
4246.482,M-detector,1,1,24,0.04,0.5,0.07407407407407407,0.5095263914787046
4246.582,M-detector,1,0,24,0.04,1.0,0.07692307692307693,0.5103890346045494
4246.682,M-detector,1,0,24,0.04,1.0,0.07692307692307693,0.645955504093225
4246.782,M-detector,1,1,24,0.04,0.5,0.07407407407407407,0.5299356052524856
4246.882,M-detector,1,1,24,0.04,0.5,0.07407407407407407,0.481934915590729
4246.982,M-detector,2,0,23,0.08,1.0,0.14814814814814814,0.4132884618033687
4247.082,M-detector,1,1,24,0.04,0.5,0.07407407407407407,0.578475294694611
4247.182,M-detector,0,2,25,0.0,0.0,0.0,0.0
4247.282,M-detector,1,2,24,0.04,0.3333333333333333,0.07142857142857142,0.49105726211382744
4247.382,M-detector,0,1,25,0.0,0.0,0.0,0.0
4247.482,M-detector,0,3,25,0.0,0.0,0.0,0.0
4247.582,M-detector,0,2,25,0.0,0.0,0.0,0.0
4247.682,M-detector,0,2,25,0.0,0.0,0.0,0.0
4247.782,M-detector,0,2,25,0.0,0.0,0.0,0.0
4247.882,M-detector,0,1,25,0.0,0.0,0.0,0.0
4247.982,M-detector,0,3,25,0.0,0.0,0.0,0.0
4248.083,M-detector,0,1,25,0.0,0.0,0.0,0.0
4248.182,M-detector,0,1,25,0.0,0.0,0.0,0.0
4248.282,M-detector,0,0,25,0.0,0.0,0.0,0.0
4248.382,M-detector,0,3,25,0.0,0.0,0.0,0.0
4248.483,M-detector,0,1,25,0.0,0.0,0.0,0.0
4248.582,M-detector,0,0,25,0.0,0.0,0.0,0.0
4248.682,M-detector,0,1,25,0.0,0.0,0.0,0.0
4248.782,M-detector,0,1,25,0.0,0.0,0.0,0.0
4248.882,M-detector,0,1,25,0.0,0.0,0.0,0.0
4248.982,M-detector,0,2,25,0.0,0.0,0.0,0.0
4249.082,M-detector,0,2,25,0.0,0.0,0.0,0.0
4249.182,M-detector,0,0,25,0.0,0.0,0.0,0.0
4249.282,M-detector,0,0,25,0.0,0.0,0.0,0.0
4249.382,M-detector,0,0,25,0.0,0.0,0.0,0.0
4249.482,M-detector,0,3,25,0.0,0.0,0.0,0.0
4249.582,M-detector,1,2,24,0.04,0.3333333333333333,0.07142857142857142,0.4490003975749847
4249.682,M-detector,0,1,25,0.0,0.0,0.0,0.0
4249.782,M-detector,0,1,25,0.0,0.0,0.0,0.0
4249.882,M-detector,0,2,25,0.0,0.0,0.0,0.0
4249.982,M-detector,0,3,25,0.0,0.0,0.0,0.0
4250.082,M-detector,0,2,25,0.0,0.0,0.0,0.0
4250.182,M-detector,0,1,25,0.0,0.0,0.0,0.0
4250.282,M-detector,0,1,25,0.0,0.0,0.0,0.0
4250.382,M-detector,0,2,25,0.0,0.0,0.0,0.0
4250.482,M-detector,1,1,24,0.04,0.5,0.07407407407407407,0.4430326653344617
4250.582,M-detector,1,1,24,0.04,0.5,0.07407407407407407,0.42611815961392663
4250.682,M-detector,0,3,25,0.0,0.0,0.0,0.0
4250.782,M-detector,0,3,25,0.0,0.0,0.0,0.0
4250.883,M-detector,0,1,25,0.0,0.0,0.0,0.0
4250.982,M-detector,0,2,25,0.0,0.0,0.0,0.0
4251.082,M-detector,0,1,25,0.0,0.0,0.0,0.0
4251.182,M-detector,0,2,25,0.0,0.0,0.0,0.0
4251.282,M-detector,0,2,25,0.0,0.0,0.0,0.0
4251.382,M-detector,0,2,25,0.0,0.0,0.0,0.0
4251.482,M-detector,0,3,25,0.0,0.0,0.0,0.0
4251.582,M-detector,0,2,25,0.0,0.0,0.0,0.0
4251.682,M-detector,0,2,25,0.0,0.0,0.0,0.0
4251.782,M-detector,0,2,25,0.0,0.0,0.0,0.0
4251.882,M-detector,0,1,25,0.0,0.0,0.0,0.0
4251.982,M-detector,0,1,25,0.0,0.0,0.0,0.0
4252.082,M-detector,0,1,25,0.0,0.0,0.0,0.0
4252.182,M-detector,0,2,25,0.0,0.0,0.0,0.0
4252.282,M-detector,0,1,25,0.0,0.0,0.0,0.0
4252.382,M-detector,0,2,25,0.0,0.0,0.0,0.0
4252.482,M-detector,0,2,25,0.0,0.0,0.0,0.0
4252.582,M-detector,1,0,24,0.04,1.0,0.07692307692307693,0.5845701476108631
4252.682,M-detector,0,1,25,0.0,0.0,0.0,0.0
4252.782,M-detector,1,1,24,0.04,0.5,0.07407407407407407,0.4671164331253327
4252.882,M-detector,0,2,25,0.0,0.0,0.0,0.0
4252.982,M-detector,0,2,25,0.0,0.0,0.0,0.0
4253.082,M-detector,1,0,24,0.04,1.0,0.07692307692307693,0.5451183541178078
4253.182,M-detector,0,0,25,0.0,0.0,0.0,0.0
4253.282,M-detector,1,1,24,0.04,0.5,0.07407407407407407,0.3951039014571653
4253.382,M-detector,0,1,25,0.0,0.0,0.0,0.0
4253.482,M-detector,0,1,25,0.0,0.0,0.0,0.0
4253.582,M-detector,0,2,25,0.0,0.0,0.0,0.0
4253.682,M-detector,0,1,25,0.0,0.0,0.0,0.0
4253.782,M-detector,0,1,25,0.0,0.0,0.0,0.0
4253.882,M-detector,0,3,25,0.0,0.0,0.0,0.0
4253.982,M-detector,0,2,25,0.0,0.0,0.0,0.0
4254.082,M-detector,0,2,25,0.0,0.0,0.0,0.0
4254.182,M-detector,0,2,25,0.0,0.0,0.0,0.0
4254.282,M-detector,0,2,25,0.0,0.0,0.0,0.0
4254.382,M-detector,0,1,25,0.0,0.0,0.0,0.0
4254.482,M-detector,0,2,25,0.0,0.0,0.0,0.0
4254.582,M-detector,0,2,25,0.0,0.0,0.0,0.0
4254.682,M-detector,0,2,25,0.0,0.0,0.0,0.0
4254.782,M-detector,0,0,25,0.0,0.0,0.0,0.0
4254.882,M-detector,0,1,25,0.0,0.0,0.0,0.0
4254.982,M-detector,1,0,24,0.04,1.0,0.07692307692307693,0.5302344796273265
4255.082,M-detector,0,0,25,0.0,0.0,0.0,0.0
4255.182,M-detector,0,1,25,0.0,0.0,0.0,0.0
4255.282,M-detector,0,2,25,0.0,0.0,0.0,0.0
4255.382,M-detector,0,2,25,0.0,0.0,0.0,0.0
4255.482,M-detector,0,1,25,0.0,0.0,0.0,0.0
4255.582,M-detector,0,1,25,0.0,0.0,0.0,0.0
4255.682,M-detector,0,2,25,0.0,0.0,0.0,0.0
4255.782,M-detector,0,0,25,0.0,0.0,0.0,0.0
4255.882,M-detector,0,1,25,0.0,0.0,0.0,0.0
4255.982,M-detector,0,2,25,0.0,0.0,0.0,0.0
4256.082,M-detector,0,0,25,0.0,0.0,0.0,0.0
4256.182,M-detector,0,2,25,0.0,0.0,0.0,0.0
4256.282,M-detector,0,1,25,0.0,0.0,0.0,0.0
4256.382,M-detector,0,3,25,0.0,0.0,0.0,0.0
4256.482,M-detector,0,2,25,0.0,0.0,0.0,0.0
4256.582,M-detector,0,1,25,0.0,0.0,0.0,0.0
4256.684,M-detector,0,1,25,0.0,0.0,0.0,0.0
4256.782,M-detector,0,1,25,0.0,0.0,0.0,0.0
4256.882,M-detector,0,1,25,0.0,0.0,0.0,0.0
4256.982,M-detector,0,1,25,0.0,0.0,0.0,0.0
4257.082,M-detector,0,1,25,0.0,0.0,0.0,0.0
4257.182,M-detector,0,1,25,0.0,0.0,0.0,0.0
4257.282,M-detector,0,1,25,0.0,0.0,0.0,0.0
4257.383,M-detector,0,1,25,0.0,0.0,0.0,0.0
4257.482,M-detector,0,1,25,0.0,0.0,0.0,0.0
4257.582,M-detector,0,1,25,0.0,0.0,0.0,0.0
4257.682,M-detector,0,2,25,0.0,0.0,0.0,0.0
4257.782,M-detector,0,2,25,0.0,0.0,0.0,0.0
4257.882,M-detector,0,2,25,0.0,0.0,0.0,0.0
4257.982,M-detector,0,3,25,0.0,0.0,0.0,0.0
4258.082,M-detector,0,2,25,0.0,0.0,0.0,0.0
4258.182,M-detector,0,2,25,0.0,0.0,0.0,0.0
4258.282,M-detector,0,1,25,0.0,0.0,0.0,0.0
4258.382,M-detector,1,2,24,0.04,0.3333333333333333,0.07142857142857142,0.43436998865414744
4258.482,M-detector,0,2,25,0.0,0.0,0.0,0.0
4258.582,M-detector,0,1,25,0.0,0.0,0.0,0.0
4258.682,M-detector,0,1,25,0.0,0.0,0.0,0.0
4258.782,M-detector,0,1,25,0.0,0.0,0.0,0.0
4258.882,M-detector,0,1,25,0.0,0.0,0.0,0.0
4258.982,M-detector,0,1,25,0.0,0.0,0.0,0.0
4259.082,M-detector,0,1,25,0.0,0.0,0.0,0.0
4259.182,M-detector,0,1,25,0.0,0.0,0.0,0.0
4259.283,M-detector,0,1,25,0.0,0.0,0.0,0.0
4259.382,M-detector,0,1,25,0.0,0.0,0.0,0.0
4259.484,M-detector,0,2,25,0.0,0.0,0.0,0.0
4259.582,M-detector,0,1,25,0.0,0.0,0.0,0.0
4259.682,M-detector,0,1,25,0.0,0.0,0.0,0.0
4259.782,M-detector,0,2,25,0.0,0.0,0.0,0.0
4259.882,M-detector,0,2,25,0.0,0.0,0.0,0.0
4259.982,M-detector,0,2,25,0.0,0.0,0.0,0.0
4260.082,M-detector,0,1,25,0.0,0.0,0.0,0.0
4260.182,M-detector,0,1,25,0.0,0.0,0.0,0.0
4260.282,M-detector,0,1,25,0.0,0.0,0.0,0.0
4260.382,M-detector,0,0,25,0.0,0.0,0.0,0.0
4260.482,M-detector,0,0,25,0.0,0.0,0.0,0.0
4260.582,M-detector,0,0,25,0.0,0.0,0.0,0.0
4260.682,M-detector,0,0,25,0.0,0.0,0.0,0.0
4260.782,M-detector,0,0,25,0.0,0.0,0.0,0.0
4260.882,M-detector,0,0,25,0.0,0.0,0.0,0.0
4260.982,M-detector,0,0,25,0.0,0.0,0.0,0.0
4261.082,M-detector,0,0,25,0.0,0.0,0.0,0.0
4261.182,M-detector,0,1,25,0.0,0.0,0.0,0.0
4261.282,M-detector,0,2,25,0.0,0.0,0.0,0.0
4261.382,M-detector,0,2,25,0.0,0.0,0.0,0.0
4261.482,M-detector,0,2,25,0.0,0.0,0.0,0.0
4261.582,M-detector,0,3,25,0.0,0.0,0.0,0.0
4261.682,M-detector,0,4,25,0.0,0.0,0.0,0.0
4261.782,M-detector,0,3,25,0.0,0.0,0.0,0.0
4261.882,M-detector,0,3,25,0.0,0.0,0.0,0.0
